Workbook

Sheet Raw data
A1: 시도별(1) | B1: 시도별(2) | C1: 2005 | D1: 2005 | E1: 2005 | F1: 2005 | G1: 2005 | H1: 2005 | I1: 2005 | J1: 2005 | K1: 2005 | L1: 2005 | M1: 2005 | N1: 2005 | O1: 2005 | P1: 2005 | Q1: 2005 | R1: 2005 | S1: 2005 | T1: 2006 | U1: 2006 | V1: 2006 | W1: 2006 | X1: 2006 | Y1: 2006 | Z1: 2006 | AA1: 2006 | AB1: 2006 | AC1: 2006 | AD1: 2006 | AE1: 2006 | AF1: 2006 | AG1: 2006 | AH1: 2006 | AI1: 2006 | AJ1: 2006 | AK1: 2007 | AL1: 2007 | AM1: 2007 | AN1: 2007 | AO1: 2007 | AP1: 2007 | AQ1: 2007 | AR1: 2007 | AS1: 2007 | AT1: 2007 | AU1: 2007 | AV1: 2007 | AW1: 2007 | AX1: 2007 | AY1: 2007 | AZ1: 2007 | BA1: 2007 | BB1: 2008 | BC1: 2008 | BD1: 2008 | BE1: 2008 | BF1: 2008 | BG1: 2008 | BH1: 2008 | BI1: 2008 | BJ1: 2008 | BK1: 2008 | BL1: 2008 | BM1: 2008 | BN1: 2008 | BO1: 2008 | BP1: 2008 | BQ1: 2008 | BR1: 2008 | BS1: 2009 | BT1: 2009 | BU1: 2009 | BV1: 2009 | BW1: 2009 | BX1: 2009 | BY1: 2009 | BZ1: 2009 | CA1: 2009 | CB1: 2009 | CC1: 2009 | CD1: 2009 | CE1: 2009 | CF1: 2009 | CG1: 2009 | CH1: 2009 | CI1: 2009 | CJ1: 2010 | CK1: 2010 | CL1: 2010 | CM1: 2010 | CN1: 2010 | CO1: 2010 | CP1: 2010 | CQ1: 2010 | CR1: 2010 | CS1: 2010 | CT1: 2010 | CU1: 2010 | CV1: 2010 | CW1: 2010 | CX1: 2010 | CY1: 2010 | CZ1: 2010 | DA1: 2011 | DB1: 2011 | DC1: 2011 | DD1: 2011 | DE1: 2011 | DF1: 2011 | DG1: 2011 | DH1: 2011 | DI1: 2011 | DJ1: 2011 | DK1: 2011 | DL1: 2011 | DM1: 2011 | DN1: 2011 | DO1: 2011 | DP1: 2011 | DQ1: 2011 | DR1: 2012 | DS1: 2012 | DT1: 2012 | DU1: 2012 | DV1: 2012 | DW1: 2012 | DX1: 2012 | DY1: 2012 | DZ1: 2012 | EA1: 2012 | EB1: 2012 | EC1: 2012 | ED1: 2012 | EE1: 2012 | EF1: 2012 | EG1: 2012 | EH1: 2012 | EI1: 2013 | EJ1: 2013 | EK1: 2013 | EL1: 2013 | EM1: 2013 | EN1: 2013 | EO1: 2013 | EP1: 2013 | EQ1: 2013 | ER1: 2013 | ES1: 2013 | ET1: 2013 | EU1: 2013 | EV1: 2013 | EW1: 2013 | EX1: 2013 | EY1: 2013 | EZ1: 2014 | FA1: 2014 | FB1: 2014 | FC1: 2014 | FD1: 2014 | FE1: 2014 | FF1: 2014 | FG1: 2014 | FH1: 2014 | FI1: 2014 | FJ1: 2014 | FK1: 2014 | FL1: 2014 | FM1: 2014 | FN1: 2014 | FO1: 2014 | FP1: 2014 | FQ1: 2015 | FR1: 2015 | FS1: 2015 | FT1: 2015 | FU1: 2015 | FV1: 2015 | FW1: 2015 | FX1: 2015 | FY1: 2015 | FZ1: 2015 | GA1: 2015 | GB1: 2015 | GC1: 2015 | GD1: 2015 | GE1: 2015 | GF1: 2015 | GG1: 2015 | GH1: 2016 | GI1: 2016 | GJ1: 2016 | GK1: 2016 | GL1: 2016 | GM1: 2016 | GN1: 2016 | GO1: 2016 | GP1: 2016 | GQ1: 2016 | GR1: 2016 | GS1: 2016 | GT1: 2016 | GU1: 2016 | GV1: 2016 | GW1: 2016 | GX1: 2016 | GY1: 2017 | GZ1: 2017 | HA1: 2017 | HB1: 2017 | HC1: 2017 | HD1: 2017 | HE1: 2017 | HF1: 2017 | HG1: 2017 | HH1: 2017 | HI1: 2017 | HJ1: 2017 | HK1: 2017 | HL1: 2017 | HM1: 2017 | HN1: 2017 | HO1: 2017 | HP1: 2018 | HQ1: 2018 | HR1: 2018 | HS1: 2018 | HT1: 2018 | HU1: 2018 | HV1: 2018 | HW1: 2018 | HX1: 2018 | HY1: 2018 | HZ1: 2018 | IA1: 2018 | IB1: 2018 | IC1: 2018 | ID1: 2018 | IE1: 2018 | IF1: 2018 | IG1: 2019 | IH1: 2019 | II1: 2019 | IJ1: 2019 | IK1: 2019 | IL1: 2019 | IM1: 2019 | IN1: 2019 | IO1: 2019 | IP1: 2019 | IQ1: 2019 | IR1: 2019 | IS1: 2019 | IT1: 2019 | IU1: 2019 | IV1: 2019 | IW1: 2019 | IX1: 2020 | IY1: 2020 | IZ1: 2020 | JA1: 2020 | JB1: 2020 | JC1: 2020 | JD1: 2020 | JE1: 2020 | JF1: 2020 | JG1: 2020 | JH1: 2020 | JI1: 2020 | JJ1: 2020 | JK1: 2020 | JL1: 2020 | JM1: 2020 | JN1: 2020 | JO1: 2021 | JP1: 2021 | JQ1: 2021 | JR1: 2021 | JS1: 2021 | JT1: 2021 | JU1: 2021 | JV1: 2021 | JW1: 2021 | JX1: 2021 | JY1: 2021 | JZ1: 2021 | KA1: 2021 | KB1: 2021 | KC1: 2021 | KD1: 2021 | KE1: 2021 | KF1: 2022 | KG1: 2022 | KH1: 2022 | KI1: 2022 | KJ1: 2022 | KK1: 2022 | KL1: 2022 | KM1: 2022 | KN1: 2022 | KO1: 2022 | KP1: 2022 | KQ1: 2022 | KR1: 2022 | KS1: 2022 | KT1: 2022 | KU1: 2022 | KV1: 2022 | KW1: 2023 | KX1: 2023 | KY1: 2023 | KZ1: 2023 | LA1: 2023 | LB1: 2023 | LC1: 2023 | LD1: 2023 | LE1: 2023 | LF1: 2023 | LG1: 2023 | LH1: 2023 | LI1: 2023 | LJ1: 2023 | LK1: 2023 | LL1: 2023 | LM1: 2023 | LN1: 2024 | LO1: 2024 | LP1: 2024 | LQ1: 2024 | LR1: 2024 | LS1: 2024 | LT1: 2024 | LU1: 2024 | LV1: 2024 | LW1: 2024 | LX1: 2024 | LY1: 2024 | LZ1: 2024 | MA1: 2024 | MB1: 2024 | MC1: 2024 | MD1: 2024 | ME1: 2025 | MF1: 2025 | MG1: 2025 | MH1: 2025 | MI1: 2025 | MJ1: 2025 | MK1: 2025 | ML1: 2025 | MM1: 2025 | MN1: 2025 | MO1: 2025 | MP1: 2025 | MQ1: 2025 | MR1: 2025 | MS1: 2025 | MT1: 2025 | MU1: 2025 | MV1: 2026 | MW1: 2026 | MX1: 2026 | MY1: 2026 | MZ1: 2026 | NA1: 2026 | NB1: 2026 | NC1: 2026 | ND1: 2026 | NE1: 2026 | NF1: 2026 | NG1: 2026 | NH1: 2026 | NI1: 2026 | NJ1: 2026 | NK1: 2026 | NL1: 2026
A2: 시도별(1) | B2: 시도별(2) | C2: 합계:면적 (ha) | D2: 합계:생산량 (톤) | E2: 고구마:면적 (ha) | F2: 고구마:10a당 생산량 (kg) | G2: 고구마:생산량 (톤) | H2: 감자:면적 (ha) | I2: 감자:10a당 생산량 (kg) | J2: 감자:생산량 (톤) | K2: 일반봄감자:면적 (ha) | L2: 일반봄감자:10a당 생산량 (kg) | M2: 일반봄감자:생산량 (톤) | N2: 고랭지감자:면적 (ha) | O2: 고랭지감자:10a당 생산량 (kg) | P2: 고랭지감자:생산량 (톤) | Q2: 가을감자:면적 (ha) | R2: 가을감자:10a당 생산량 (kg) | S2: 가을감자:생산량 (톤) | T2: 합계:면적 (ha) | U2: 합계:생산량 (톤) | V2: 고구마:면적 (ha) | W2: 고구마:10a당 생산량 (kg) | X2: 고구마:생산량 (톤) | Y2: 감자:면적 (ha) | Z2: 감자:10a당 생산량 (kg) | AA2: 감자:생산량 (톤) | AB2: 일반봄감자:면적 (ha) | AC2: 일반봄감자:10a당 생산량 (kg) | AD2: 일반봄감자:생산량 (톤) | AE2: 고랭지감자:면적 (ha) | AF2: 고랭지감자:10a당 생산량 (kg) | AG2: 고랭지감자:생산량 (톤) | AH2: 가을감자:면적 (ha) | AI2: 가을감자:10a당 생산량 (kg) | AJ2: 가을감자:생산량 (톤) | AK2: 합계:면적 (ha) | AL2: 합계:생산량 (톤) | AM2: 고구마:면적 (ha) | AN2: 고구마:10a당 생산량 (kg) | AO2: 고구마:생산량 (톤) | AP2: 감자:면적 (ha) | AQ2: 감자:10a당 생산량 (kg) | AR2: 감자:생산량 (톤) | AS2: 일반봄감자:면적 (ha) | AT2: 일반봄감자:10a당 생산량 (kg) | AU2: 일반봄감자:생산량 (톤) | AV2: 고랭지감자:면적 (ha) | AW2: 고랭지감자:10a당 생산량 (kg) | AX2: 고랭지감자:생산량 (톤) | AY2: 가을감자:면적 (ha) | AZ2: 가을감자:10a당 생산량 (kg) | BA2: 가을감자:생산량 (톤) | BB2: 합계:면적 (ha) | BC2: 합계:생산량 (톤) | BD2: 고구마:면적 (ha) | BE2: 고구마:10a당 생산량 (kg) | BF2: 고구마:생산량 (톤) | BG2: 감자:면적 (ha) | BH2: 감자:10a당 생산량 (kg) | BI2: 감자:생산량 (톤) | BJ2: 일반봄감자:면적 (ha) | BK2: 일반봄감자:10a당 생산량 (kg) | BL2: 일반봄감자:생산량 (톤) | BM2: 고랭지감자:면적 (ha) | BN2: 고랭지감자:10a당 생산량 (kg) | BO2: 고랭지감자:생산량 (톤) | BP2: 가을감자:면적 (ha) | BQ2: 가을감자:10a당 생산량 (kg) | BR2: 가을감자:생산량 (톤) | BS2: 합계:면적 (ha) | BT2: 합계:생산량 (톤) | BU2: 고구마:면적 (ha) | BV2: 고구마:10a당 생산량 (kg) | BW2: 고구마:생산량 (톤) | BX2: 감자:면적 (ha) | BY2: 감자:10a당 생산량 (kg) | BZ2: 감자:생산량 (톤) | CA2: 일반봄감자:면적 (ha) | CB2: 일반봄감자:10a당 생산량 (kg) | CC2: 일반봄감자:생산량 (톤) | CD2: 고랭지감자:면적 (ha) | CE2: 고랭지감자:10a당 생산량 (kg) | CF2: 고랭지감자:생산량 (톤) | CG2: 가을감자:면적 (ha) | CH2: 가을감자:10a당 생산량 (kg) | CI2: 가을감자:생산량 (톤) | CJ2: 합계:면적 (ha) | CK2: 합계:생산량 (톤) | CL2: 고구마:면적 (ha) | CM2: 고구마:10a당 생산량 (kg) | CN2: 고구마:생산량 (톤) | CO2: 감자:면적 (ha) | CP2: 감자:10a당 생산량 (kg) | CQ2: 감자:생산량 (톤) | CR2: 일반봄감자:면적 (ha) | CS2: 일반봄감자:10a당 생산량 (kg) | CT2: 일반봄감자:생산량 (톤) | CU2: 고랭지감자:면적 (ha) | CV2: 고랭지감자:10a당 생산량 (kg) | CW2: 고랭지감자:생산량 (톤) | CX2: 가을감자:면적 (ha) | CY2: 가을감자:10a당 생산량 (kg) | CZ2: 가을감자:생산량 (톤) | DA2: 합계:면적 (ha) | DB2: 합계:생산량 (톤) | DC2: 고구마:면적 (ha) | DD2: 고구마:10a당 생산량 (kg) | DE2: 고구마:생산량 (톤) | DF2: 감자:면적 (ha) | DG2: 감자:10a당 생산량 (kg) | DH2: 감자:생산량 (톤) | DI2: 일반봄감자:면적 (ha) | DJ2: 일반봄감자:10a당 생산량 (kg) | DK2: 일반봄감자:생산량 (톤) | DL2: 고랭지감자:면적 (ha) | DM2: 고랭지감자:10a당 생산량 (kg) | DN2: 고랭지감자:생산량 (톤) | DO2: 가을감자:면적 (ha) | DP2: 가을감자:10a당 생산량 (kg) | DQ2: 가을감자:생산량 (톤) | DR2: 합계:면적 (ha) | DS2: 합계:생산량 (톤) | DT2: 고구마:면적 (ha) | DU2: 고구마:10a당 생산량 (kg) | DV2: 고구마:생산량 (톤) | DW2: 감자:면적 (ha) | DX2: 감자:10a당 생산량 (kg) | DY2: 감자:생산량 (톤) | DZ2: 일반봄감자:면적 (ha) | EA2: 일반봄감자:10a당 생산량 (kg) | EB2: 일반봄감자:생산량 (톤) | EC2: 고랭지감자:면적 (ha) | ED2: 고랭지감자:10a당 생산량 (kg) | EE2: 고랭지감자:생산량 (톤) | EF2: 가을감자:면적 (ha) | EG2: 가을감자:10a당 생산량 (kg) | EH2: 가을감자:생산량 (톤) | EI2: 합계:면적 (ha) | EJ2: 합계:생산량 (톤) | EK2: 고구마:면적 (ha) | EL2: 고구마:10a당 생산량 (kg) | EM2: 고구마:생산량 (톤) | EN2: 감자:면적 (ha) | EO2: 감자:10a당 생산량 (kg) | EP2: 감자:생산량 (톤) | EQ2: 일반봄감자:면적 (ha) | ER2: 일반봄감자:10a당 생산량 (kg) | ES2: 일반봄감자:생산량 (톤) | ET2: 고랭지감자:면적 (ha) | EU2: 고랭지감자:10a당 생산량 (kg) | EV2: 고랭지감자:생산량 (톤) | EW2: 가을감자:면적 (ha) | EX2: 가을감자:10a당 생산량 (kg) | EY2: 가을감자:생산량 (톤) | EZ2: 합계:면적 (ha) | FA2: 합계:생산량 (톤) | FB2: 고구마:면적 (ha) | FC2: 고구마:10a당 생산량 (kg) | FD2: 고구마:생산량 (톤) | FE2: 감자:면적 (ha) | FF2: 감자:10a당 생산량 (kg) | FG2: 감자:생산량 (톤) | FH2: 일반봄감자:면적 (ha) | FI2: 일반봄감자:10a당 생산량 (kg) | FJ2: 일반봄감자:생산량 (톤) | FK2: 고랭지감자:면적 (ha) | FL2: 고랭지감자:10a당 생산량 (kg) | FM2: 고랭지감자:생산량 (톤) | FN2: 가을감자:면적 (ha) | FO2: 가을감자:10a당 생산량 (kg) | FP2: 가을감자:생산량 (톤) | FQ2: 합계:면적 (ha) | FR2: 합계:생산량 (톤) | FS2: 고구마:면적 (ha) | FT2: 고구마:10a당 생산량 (kg) | FU2: 고구마:생산량 (톤) | FV2: 감자:면적 (ha) | FW2: 감자:10a당 생산량 (kg) | FX2: 감자:생산량 (톤) | FY2: 일반봄감자:면적 (ha) | FZ2: 일반봄감자:10a당 생산량 (kg) | GA2: 일반봄감자:생산량 (톤) | GB2: 고랭지감자:면적 (ha) | GC2: 고랭지감자:10a당 생산량 (kg) | GD2: 고랭지감자:생산량 (톤) | GE2: 가을감자:면적 (ha) | GF2: 가을감자:10a당 생산량 (kg) | GG2: 가을감자:생산량 (톤) | GH2: 합계:면적 (ha) | GI2: 합계:생산량 (톤) | GJ2: 고구마:면적 (ha) | GK2: 고구마:10a당 생산량 (kg) | GL2: 고구마:생산량 (톤) | GM2: 감자:면적 (ha) | GN2: 감자:10a당 생산량 (kg) | GO2: 감자:생산량 (톤) | GP2: 일반봄감자:면적 (ha) | GQ2: 일반봄감자:10a당 생산량 (kg) | GR2: 일반봄감자:생산량 (톤) | GS2: 고랭지감자:면적 (ha) | GT2: 고랭지감자:10a당 생산량 (kg) | GU2: 고랭지감자:생산량 (톤) | GV2: 가을감자:면적 (ha) | GW2: 가을감자:10a당 생산량 (kg) | GX2: 가을감자:생산량 (톤) | GY2: 합계:면적 (ha) | GZ2: 합계:생산량 (톤) | HA2: 고구마:면적 (ha) | HB2: 고구마:10a당 생산량 (kg) | HC2: 고구마:생산량 (톤) | HD2: 감자:면적 (ha) | HE2: 감자:10a당 생산량 (kg) | HF2: 감자:생산량 (톤) | HG2: 일반봄감자:면적 (ha) | HH2: 일반봄감자:10a당 생산량 (kg) | HI2: 일반봄감자:생산량 (톤) | HJ2: 고랭지감자:면적 (ha) | HK2: 고랭지감자:10a당 생산량 (kg) | HL2: 고랭지감자:생산량 (톤) | HM2: 가을감자:면적 (ha) | HN2: 가을감자:10a당 생산량 (kg) | HO2: 가을감자:생산량 (톤) | HP2: 합계:면적 (ha) | HQ2: 합계:생산량 (톤) | HR2: 고구마:면적 (ha) | HS2: 고구마:10a당 생산량 (kg) | HT2: 고구마:생산량 (톤) | HU2: 감자:면적 (ha) | HV2: 감자:10a당 생산량 (kg) | HW2: 감자:생산량 (톤) | HX2: 일반봄감자:면적 (ha) | HY2: 일반봄감자:10a당 생산량 (kg) | HZ2: 일반봄감자:생산량 (톤) | IA2: 고랭지감자:면적 (ha) | IB2: 고랭지감자:10a당 생산량 (kg) | IC2: 고랭지감자:생산량 (톤) | ID2: 가을감자:면적 (ha) | IE2: 가을감자:10a당 생산량 (kg) | IF2: 가을감자:생산량 (톤) | IG2: 합계:면적 (ha) | IH2: 합계:생산량 (톤) | II2: 고구마:면적 (ha) | IJ2: 고구마:10a당 생산량 (kg) | IK2: 고구마:생산량 (톤) | IL2: 감자:면적 (ha) | IM2: 감자:10a당 생산량 (kg) | IN2: 감자:생산량 (톤) | IO2: 일반봄감자:면적 (ha) | IP2: 일반봄감자:10a당 생산량 (kg) | IQ2: 일반봄감자:생산량 (톤) | IR2: 고랭지감자:면적 (ha) | IS2: 고랭지감자:10a당 생산량 (kg) | IT2: 고랭지감자:생산량 (톤) | IU2: 가을감자:면적 (ha) | IV2: 가을감자:10a당 생산량 (kg) | IW2: 가을감자:생산량 (톤) | IX2: 합계:면적 (ha) | IY2: 합계:생산량 (톤) | IZ2: 고구마:면적 (ha) | JA2: 고구마:10a당 생산량 (kg) | JB2: 고구마:생산량 (톤) | JC2: 감자:면적 (ha) | JD2: 감자:10a당 생산량 (kg) | JE2: 감자:생산량 (톤) | JF2: 일반봄감자:면적 (ha) | JG2: 일반봄감자:10a당 생산량 (kg) | JH2: 일반봄감자:생산량 (톤) | JI2: 고랭지감자:면적 (ha) | JJ2: 고랭지감자:10a당 생산량 (kg) | JK2: 고랭지감자:생산량 (톤) | JL2: 가을감자:면적 (ha) | JM2: 가을감자:10a당 생산량 (kg) | JN2: 가을감자:생산량 (톤) | JO2: 합계:면적 (ha) | JP2: 합계:생산량 (톤) | JQ2: 고구마:면적 (ha) | JR2: 고구마:10a당 생산량 (kg) | JS2: 고구마:생산량 (톤) | JT2: 감자:면적 (ha) | JU2: 감자:10a당 생산량 (kg) | JV2: 감자:생산량 (톤) | JW2: 일반봄감자:면적 (ha) | JX2: 일반봄감자:10a당 생산량 (kg) | JY2: 일반봄감자:생산량 (톤) | JZ2: 고랭지감자:면적 (ha) | KA2: 고랭지감자:10a당 생산량 (kg) | KB2: 고랭지감자:생산량 (톤) | KC2: 가을감자:면적 (ha) | KD2: 가을감자:10a당 생산량 (kg) | KE2: 가을감자:생산량 (톤) | KF2: 합계:면적 (ha) | KG2: 합계:생산량 (톤) | KH2: 고구마:면적 (ha) | KI2: 고구마:10a당 생산량 (kg) | KJ2: 고구마:생산량 (톤) | KK2: 감자:면적 (ha) | KL2: 감자:10a당 생산량 (kg) | KM2: 감자:생산량 (톤) | KN2: 일반봄감자:면적 (ha) | KO2: 일반봄감자:10a당 생산량 (kg) | KP2: 일반봄감자:생산량 (톤) | KQ2: 고랭지감자:면적 (ha) | KR2: 고랭지감자:10a당 생산량 (kg) | KS2: 고랭지감자:생산량 (톤) | KT2: 가을감자:면적 (ha) | KU2: 가을감자:10a당 생산량 (kg) | KV2: 가을감자:생산량 (톤) | KW2: 합계:면적 (ha) | KX2: 합계:생산량 (톤) | KY2: 고구마:면적 (ha) | KZ2: 고구마:10a당 생산량 (kg) | LA2: 고구마:생산량 (톤) | LB2: 감자:면적 (ha) | LC2: 감자:10a당 생산량 (kg) | LD2: 감자:생산량 (톤) | LE2: 일반봄감자:면적 (ha) | LF2: 일반봄감자:10a당 생산량 (kg) | LG2: 일반봄감자:생산량 (톤) | LH2: 고랭지감자:면적 (ha) | LI2: 고랭지감자:10a당 생산량 (kg) | LJ2: 고랭지감자:생산량 (톤) | LK2: 가을감자:면적 (ha) | LL2: 가을감자:10a당 생산량 (kg) | LM2: 가을감자:생산량 (톤) | LN2: 합계:면적 (ha) | LO2: 합계:생산량 (톤) | LP2: 고구마:면적 (ha) | LQ2: 고구마:10a당 생산량 (kg) | LR2: 고구마:생산량 (톤) | LS2: 감자:면적 (ha) | LT2: 감자:10a당 생산량 (kg) | LU2: 감자:생산량 (톤) | LV2: 일반봄감자:면적 (ha) | LW2: 일반봄감자:10a당 생산량 (kg) | LX2: 일반봄감자:생산량 (톤) | LY2: 고랭지감자:면적 (ha) | LZ2: 고랭지감자:10a당 생산량 (kg) | MA2: 고랭지감자:생산량 (톤) | MB2: 가을감자:면적 (ha) | MC2: 가을감자:10a당 생산량 (kg) | MD2: 가을감자:생산량 (톤) | ME2: 합계:면적 (ha) | MF2: 합계:생산량 (톤) | MG2: 고구마:면적 (ha) | MH2: 고구마:10a당 생산량 (kg) | MI2: 고구마:생산량 (톤) | MJ2: 감자:면적 (ha) | MK2: 감자:10a당 생산량 (kg) | ML2: 감자:생산량 (톤) | MM2: 일반봄감자:면적 (ha) | MN2: 일반봄감자:10a당 생산량 (kg) | MO2: 일반봄감자:생산량 (톤) | MP2: 고랭지감자:면적 (ha) | MQ2: 고랭지감자:10a당 생산량 (kg) | MR2: 고랭지감자:생산량 (톤) | MS2: 가을감자:면적 (ha) | MT2: 가을감자:10a당 생산량 (kg) | MU2: 가을감자:생산량 (톤) | MV2: 합계:면적 (ha) | MW2: 합계:생산량 (톤) | MX2: 고구마:면적 (ha) | MY2: 고구마:10a당 생산량 (kg) | MZ2: 고구마:생산량 (톤) | NA2: 감자:면적 (ha) | NB2: 감자:10a당 생산량 (kg) | NC2: 감자:생산량 (톤) | ND2: 일반봄감자:면적 (ha) | NE2: 일반봄감자:10a당 생산량 (kg) | NF2: 일반봄감자:생산량 (톤) | NG2: 고랭지감자:면적 (ha) | NH2: 고랭지감자:10a당 생산량 (kg) | NI2: 고랭지감자:생산량 (톤) | NJ2: 가을감자:면적 (ha) | NK2: 가을감자:10a당 생산량 (kg) | NL2: 가을감자:생산량 (톤)
A3: 전국 | B3: 소계 | C3: 49906 | D3: 1176741 | E3: 17178 | F3: 1645 | G3: 282526 | H3: 32728 | I3: 2732 | J3: 894215 | K3: 20035 | L3: 2767 | M3: 554467 | N3: 4385 | O3: 3517 | P3: 154229 | Q3: 8308 | R3: 2233 | S3: 185519 | T3: 40625 | U3: 916927 | V3: 16668 | W3: 1715 | X3: 285841 | Y3: 23957 | Z3: 2634 | AA3: 631086 | AB3: 14960 | AC3: 2799 | AD3: 418658 | AE3: 3971 | AF3: 2404 | AG3: 95443 | AH3: 5026 | AI3: 2328 | AJ3: 116985 | AK3: 41514 | AL3: 926665 | AM3: 21093 | AN3: 1670 | AO3: 352269 | AP3: 20421 | AQ3: 2813 | AR3: 574396 | AS3: 13033 | AT3: 2818 | AU3: 367277 | AV3: 3202 | AW3: 3516 | AX3: 112577 | AY3: 4186 | AZ3: 2259 | BA3: 94542 | BB3: 39991 | BC3: 933943 | BD3: 19451 | BE3: 1693 | BF3: 329351 | BG3: 20540 | BH3: 2943 | BI3: 604592 | BJ3: 13048 | BK3: 2930 | BL3: 382369 | BM3: 3364 | BN3: 3650 | BO3: 122781 | BP3: 4128 | BQ3: 2409 | BR3: 99442 | BS3: 42314 | BT3: 941714 | BU3: 20918 | BV3: 1676 | BW3: 350661 | BX3: 21396 | BY3: 2762 | BZ3: 591053 | CA3: 14198 | CB3: 2778 | CC3: 394418 | CD3: 3322 | CE3: 3487 | CF3: 115842 | CG3: 3876 | CH3: 2084 | CI3: 80793 | CJ3: 44113 | CK3: 915637 | CL3: 19200 | CM3: 1557 | CN3: 298930 | CO3: 24913 | CP3: 2475 | CQ3: 616707 | CR3: 16302 | CS3: 2415 | CT3: 393632 | CU3: 3801 | CV3: 3668 | CW3: 139423 | CX3: 4810 | CY3: 1739 | CZ3: 83652 | DA3: 44844 | DB3: 877486 | DC3: 18040 | DD3: 1415 | DE3: 255284 | DF3: 26804 | DG3: 2321 | DH3: 622202 | DI3: 19126 | DJ3: 2392 | DK3: 457584 | DL3: 3784 | DM3: 2509 | DN3: 94944 | DO3: 3894 | DP3: 1789 | DQ3: 69674 | DR3: 47927 | DS3: 950202 | DT3: 22997 | DU3: 1490 | DV3: 342668 | DW3: 24930 | DX3: 2437 | DY3: 607534 | DZ3: 17424 | EA3: 2396 | EB3: 417433 | EC3: 3793 | ED3: 3332 | EE3: 126371 | EF3: 3713 | EG3: 1716 | EH3: 63730 | EI3: 49637 | EJ3: 1056954 | EK3: 22207 | EL3: 1484 | EM3: 329516 | EN3: 27430 | EO3: 2652 | EP3: 727438 | EQ3: 20977 | ER3: 2722 | ES3: 571024 | ET3: 3751 | EU3: 2963 | EV3: 111125 | EW3: 2702 | EX3: 1676 | EY3: 45289 | EZ3: 41987 | FA3: 912603 | FB3: 20515 | FC3: 1570 | FD3: 322071 | FE3: 21472 | FF3: 2750 | FG3: 590532 | FH3: 15596 | FI3: 2772 | FJ3: 432342 | FK3: 2975 | FL3: 3647 | FM3: 108500 | FN3: 2901 | FO3: 1713 | FP3: 49690 | FQ3: 39591 | FR3: 832393 | FS3: 19357 | FT3: 1522 | FU3: 294655 | FV3: 20234 | FW3: 2658 | FX3: 537738 | FY3: 14545 | FZ3: 2526 | GA3: 367363 | GB3: 3403 | GC3: 3875 | GD3: 131867 | GE3: 2286 | GF3: 1685 | GG3: 38508 | GH3: 45151 | GI3: 896895 | GJ3: 23151 | GK3: 1474 | GL3: 341225 | GM3: 22000 | GN3: 2526 | GO3: 555670 | GP3: 15259 | GQ3: 2580 | GR3: 393670 | GS3: 3579 | GT3: 3407 | GU3: 121927 | GV3: 3162 | GW3: 1267 | GX3: 40073 | GY3: 42658 | GZ3: 791715 | HA3: 21684 | HB3: 1499 | HC3: 324960 | HD3: 20974 | HE3: 2225 | HF3: 466755 | HG3: 14943 | HH3: 2152 | HI3: 321518 | HJ3: 3244 | HK3: 3048 | HL3: 98895 | HM3: 2787 | HN3: 1663 | HO3: 46342 | HP3: 44350 | HQ3: 853369 | HR3: 20948 | HS3: 1457 | HT3: 305304 | HU3: 23402 | HV3: 2342 | HW3: 548065 | HX3: 15819 | HY3: 2435 | HZ3: 385244 | IA3: 3462 | IB3: 2652 | IC3: 91811 | ID3: 4121 | IE3: 1723 | IF3: 71010 | IG3: 48771 | IH3: 1058743 | II3: 21941 | IJ3: 1679 | IK3: 368324 | IL3: 26829 | IM3: 2573 | IN3: 690419 | IO3: 18150 | IP3: 2567 | IQ3: 465948 | IR3: 3844 | IS3: 3634 | IT3: 139676 | IU3: 4835 | IV3: 1754 | IW3: 84794 | IX3: 45861 | IY3: 883121 | IZ3: 22262 | JA3: 1482 | JB3: 329927 | JC3: 23599 | JD3: 2344 | JE3: 553194 | JF3: 16339 | JG3: 2303 | JH3: 376349 | JI3: 3390 | JJ3: 3524 | JK3: 119441 | JL3: 3870 | JM3: 1483 | JN3: 57405 | JO3: 44981 | JP3: 903805 | JQ3: 23236 | JR3: 1502 | JS3: 348912 | JT3: 21745 | JU3: 2552 | JV3: 554893 | JW3: 14266 | JX3: 2661 | JY3: 379671 | JZ3: 3888 | KA3: 3037 | KB3: 118084 | KC3: 3591 | KD3: 1591 | KE3: 57137 | KF3: 41433 | KG3: 817754 | KH3: 21345 | KI3: 1580 | KJ3: 337153 | KK3: 20088 | KL3: 2392 | KM3: 480601 | KN3: 13017 | KO3: 2329 | KP3: 303211 | KQ3: 3495 | KR3: 3562 | KS3: 124484 | KT3: 3576 | KU3: 1479 | KV3: 52906 | KW3: 40988 | KX3: 850007 | KY3: 18463 | KZ3: 1623 | LA3: 299714 | LB3: 22525 | LC3: 2443 | LD3: 550293 | LE3: 14699 | LF3: 2436 | LG3: 358022 | LH3: 3835 | LI3: 3304 | LJ3: 126702 | LK3: 3992 | LL3: 1643 | LM3: 65568 | LN3: 41701 | LO3: 898360 | LP3: 17732 | LQ3: 1722 | LR3: 305343 | LS3: 23969 | LT3: 2474 | LU3: 593017 | LV3: 15521 | LW3: 2562 | LX3: 397613 | LY3: 3928 | LZ3: 3218 | MA3: 126399 | MB3: 4520 | MC3: 1527 | MD3: 69005 | ME3: - | MF3: - | MG3: - | MH3: - | MI3: - | MJ3: - | MK3: - | ML3: - | MM3: 14927 | MN3: 2383 | MO3: 355698 | MP3: 3605 | MQ3: 3171 | MR3: 114307 | MS3: - | MT3: - | MU3: - | MV3: - | MW3: - | MX3: - | MY3: - | MZ3: - | NA3: - | NB3: - | NC3: - | ND3: 14897 | NE3: 2424 | NF3: 361167 | NG3: - | NH3: - | NI3: - | NJ3: - | NK3: - | NL3: -
A4: 서울특별시 | B4: 소계 | C4: 29 | D4: 548 | E4: 19 | F4: 1590 | G4: 302 | H4: 10 | I4: 2460 | J4: 246 | K4: 10 | L4: 2456 | M4: 246 | N4: 0 | O4: 0 | P4: 0 | Q4: 0 | R4: 0 | S4: 0 | T4: 34 | U4: 745 | V4: 19 | W4: 1684 | X4: 320 | Y4: 15 | Z4: 2833 | AA4: 425 | AB4: 15 | AC4: 2831 | AD4: 425 | AE4: 0 | AF4: 0 | AG4: 0 | AH4: 0 | AI4: 0 | AJ4: 0 | AK4: 34 | AL4: 673 | AM4: 24 | AN4: 1684 | AO4: 404 | AP4: 10 | AQ4: 2690 | AR4: 269 | AS4: 9 | AT4: 2685 | AU4: 242 | AV4: 0 | AW4: 0 | AX4: 0 | AY4: 1 | AZ4: 2700 | BA4: 27 | BB4: 33 | BC4: 719 | BD4: 21 | BE4: 1782 | BF4: 374 | BG4: 12 | BH4: 2875 | BI4: 345 | BJ4: 12 | BK4: 2872 | BL4: 345 | BM4: 0 | BN4: 0 | BO4: 0 | BP4: 0 | BQ4: 0 | BR4: 0 | BS4: 32 | BT4: 699 | BU4: 18 | BV4: 1628 | BW4: 293 | BX4: 14 | BY4: 2900 | BZ4: 406 | CA4: 14 | CB4: 2899 | CC4: 406 | CD4: 0 | CE4: 0 | CF4: 0 | CG4: 0 | CH4: 0 | CI4: 0 | CJ4: 20 | CK4: 451 | CL4: 7 | CM4: 1429 | CN4: 100 | CO4: 13 | CP4: 2700 | CQ4: 351 | CR4: 12 | CS4: 2731 | CT4: 328 | CU4: 0 | CV4: 0 | CW4: 0 | CX4: 1 | CY4: 2253 | CZ4: 23 | DA4: 28 | DB4: 566 | DC4: 7 | DD4: 1415 | DE4: 99 | DF4: 21 | DG4: 2224 | DH4: 467 | DI4: 4 | DJ4: 2273 | DK4: 91 | DL4: 0 | DM4: 0 | DN4: 0 | DO4: 17 | DP4: 2214 | DQ4: 376 | DR4: 22 | DS4: 352 | DT4: 15 | DU4: 1414 | DV4: 212 | DW4: 7 | DX4: 2000 | DY4: 140 | DZ4: 7 | EA4: 2004 | EB4: 140 | EC4: 0 | ED4: 0 | EE4: 0 | EF4: 0 | EG4: 0 | EH4: 0 | EI4: 35 | EJ4: 597 | EK4: 27 | EL4: 1425 | EM4: 385 | EN4: 8 | EO4: 2650 | EP4: 212 | EQ4: 8 | ER4: 2650 | ES4: 212 | ET4: 0 | EU4: 0 | EV4: 0 | EW4: 0 | EX4: 0 | EY4: 0 | EZ4: 30 | FA4: 531 | FB4: 22 | FC4: 1420 | FD4: 312 | FE4: 8 | FF4: 2738 | FG4: 219 | FH4: 7 | FI4: 2888 | FJ4: 202 | FK4: 0 | FL4: 0 | FM4: 0 | FN4: 1 | FO4: 1666 | FP4: 17 | FQ4: 19 | FR4: 338 | FS4: 13 | FT4: 1571 | FU4: 204 | FV4: 6 | FW4: 2233 | FX4: 134 | FY4: 6 | FZ4: 2226 | GA4: 134 | GB4: 0 | GC4: 0 | GD4: 0 | GE4: 0 | GF4: 0 | GG4: 0 | GH4: 12 | GI4: 259 | GJ4: 6 | GK4: 1392 | GL4: 84 | GM4: 6 | GN4: 2917 | GO4: 175 | GP4: 6 | GQ4: 2908 | GR4: 175 | GS4: 0 | GT4: 0 | GU4: 0 | GV4: 0 | GW4: 0 | GX4: 0 | GY4: 15 | GZ4: 216 | HA4: 9 | HB4: 1210 | HC4: 110 | HD4: 6 | HE4: 1727 | HF4: 106 | HG4: 6 | HH4: 1726 | HI4: 105 | HJ4: 0 | HK4: 0 | HL4: 0 | HM4: 0 | HN4: 1771 | HO4: 1 | HP4: 12 | HQ4: 226 | HR4: 6 | HS4: 1312 | HT4: 78 | HU4: 6 | HV4: 2439 | HW4: 148 | HX4: 6 | HY4: 2454 | HZ4: 148 | IA4: 0 | IB4: 0 | IC4: 0 | ID4: 0 | IE4: 1458 | IF4: 0 | IG4: 12 | IH4: 228 | II4: 7 | IJ4: 1455 | IK4: 106 | IL4: 5 | IM4: 2462 | IN4: 122 | IO4: 5 | IP4: 2560 | IQ4: 117 | IR4: 0 | IS4: 0 | IT4: 0 | IU4: 0 | IV4: 1229 | IW4: 5 | IX4: 13 | IY4: 203 | IZ4: 6 | JA4: 400 | JB4: 23 | JC4: 7 | JD4: 2460 | JE4: 180 | JF4: 7 | JG4: 2485 | JH4: 177 | JI4: 0 | JJ4: 0 | JK4: 0 | JL4: 0 | JM4: 1327 | JN4: 3 | JO4: 22 | JP4: 478 | JQ4: 12 | JR4: 1282 | JS4: 160 | JT4: 9 | JU4: 3348 | JV4: 318 | JW4: 9 | JX4: 3348 | JY4: 318 | JZ4: 0 | KA4: 0 | KB4: 0 | KC4: 0 | KD4: 0 | KE4: 0 | KF4: 25 | KG4: 428 | KH4: 15 | KI4: 1648 | KJ4: 243 | KK4: 10 | KL4: 1850 | KM4: 185 | KN4: 10 | KO4: 1857 | KP4: 184 | KQ4: 0 | KR4: 0 | KS4: 0 | KT4: 0 | KU4: 1089 | KV4: 1 | KW4: 23 | KX4: 448 | KY4: 11 | KZ4: 1407 | LA4: 155 | LB4: 12 | LC4: 2370 | LD4: 293 | LE4: 12 | LF4: 2353 | LG4: 283 | LH4: 0 | LI4: 0 | LJ4: 0 | LK4: 0 | LL4: 2982 | LM4: 10 | LN4: 28 | LO4: 619 | LP4: 12 | LQ4: 1490 | LR4: 180 | LS4: 16 | LT4: 2690 | LU4: 439 | LV4: 16 | LW4: 2690 | LX4: 439 | LY4: - | LZ4: - | MA4: - | MB4: - | MC4: - | MD4: - | ME4: - | MF4: - | MG4: - | MH4: - | MI4: - | MJ4: - | MK4: - | ML4: - | MM4: 8 | MN4: 3424 | MO4: 280 | MP4: - | MQ4: - | MR4: - | MS4: - | MT4: - | MU4: - | MV4: - | MW4: - | MX4: - | MY4: - | MZ4: - | NA4: - | NB4: - | NC4: - | ND4: 9 | NE4: 2310 | NF4: 215 | NG4: - | NH4: - | NI4: - | NJ4: - | NK4: - | NL4: -
A5: 전남광주통합특별시 | B5: 소계 | C5: - | D5: - | E5: - | F5: - | G5: - | H5: - | I5: - | J5: - | K5: - | L5: - | M5: - | N5: - | O5: - | P5: - | Q5: - | R5: - | S5: - | T5: - | U5: - | V5: - | W5: - | X5: - | Y5: - | Z5: - | AA5: - | AB5: - | AC5: - | AD5: - | AE5: - | AF5: - | AG5: - | AH5: - | AI5: - | AJ5: - | AK5: - | AL5: - | AM5: - | AN5: - | AO5: - | AP5: - | AQ5: - | AR5: - | AS5: - | AT5: - | AU5: - | AV5: - | AW5: - | AX5: - | AY5: - | AZ5: - | BA5: - | BB5: - | BC5: - | BD5: - | BE5: - | BF5: - | BG5: - | BH5: - | BI5: - | BJ5: - | BK5: - | BL5: - | BM5: - | BN5: - | BO5: - | BP5: - | BQ5: - | BR5: - | BS5: - | BT5: - | BU5: - | BV5: - | BW5: - | BX5: - | BY5: - | BZ5: - | CA5: - | CB5: - | CC5: - | CD5: - | CE5: - | CF5: - | CG5: - | CH5: - | CI5: - | CJ5: - | CK5: - | CL5: - | CM5: - | CN5: - | CO5: - | CP5: - | CQ5: - | CR5: - | CS5: - | CT5: - | CU5: - | CV5: - | CW5: - | CX5: - | CY5: - | CZ5: - | DA5: - | DB5: - | DC5: - | DD5: - | DE5: - | DF5: - | DG5: - | DH5: - | DI5: - | DJ5: - | DK5: - | DL5: - | DM5: - | DN5: - | DO5: - | DP5: - | DQ5: - | DR5: - | DS5: - | DT5: - | DU5: - | DV5: - | DW5: - | DX5: - | DY5: - | DZ5: - | EA5: - | EB5: - | EC5: - | ED5: - | EE5: - | EF5: - | EG5: - | EH5: - | EI5: - | EJ5: - | EK5: - | EL5: - | EM5: - | EN5: - | EO5: - | EP5: - | EQ5: - | ER5: - | ES5: - | ET5: - | EU5: - | EV5: - | EW5: - | EX5: - | EY5: - | EZ5: - | FA5: - | FB5: - | FC5: - | FD5: - | FE5: - | FF5: - | FG5: - | FH5: - | FI5: - | FJ5: - | FK5: - | FL5: - | FM5: - | FN5: - | FO5: - | FP5: - | FQ5: - | FR5: - | FS5: - | FT5: - | FU5: - | FV5: - | FW5: - | FX5: - | FY5: - | FZ5: - | GA5: - | GB5: - | GC5: - | GD5: - | GE5: - | GF5: - | GG5: - | GH5: - | GI5: - | GJ5: - | GK5: - | GL5: - | GM5: - | GN5: - | GO5: - | GP5: - | GQ5: - | GR5: - | GS5: - | GT5: - | GU5: - | GV5: - | GW5: - | GX5: - | GY5: - | GZ5: - | HA5: - | HB5: - | HC5: - | HD5: - | HE5: - | HF5: - | HG5: - | HH5: - | HI5: - | HJ5: - | HK5: - | HL5: - | HM5: - | HN5: - | HO5: - | HP5: - | HQ5: - | HR5: - | HS5: - | HT5: - | HU5: - | HV5: - | HW5: - | HX5: - | HY5: - | HZ5: - | IA5: - | IB5: - | IC5: - | ID5: - | IE5: - | IF5: - | IG5: - | IH5: - | II5: - | IJ5: - | IK5: - | IL5: - | IM5: - | IN5: - | IO5: - | IP5: - | IQ5: - | IR5: - | IS5: - | IT5: - | IU5: - | IV5: - | IW5: - | IX5: - | IY5: - | IZ5: - | JA5: - | JB5: - | JC5: - | JD5: - | JE5: - | JF5: - | JG5: - | JH5: - | JI5: - | JJ5: - | JK5: - | JL5: - | JM5: - | JN5: - | JO5: - | JP5: - | JQ5: - | JR5: - | JS5: - | JT5: - | JU5: - | JV5: - | JW5: - | JX5: - | JY5: - | JZ5: - | KA5: - | KB5: - | KC5: - | KD5: - | KE5: - | KF5: - | KG5: - | KH5: - | KI5: - | KJ5: - | KK5: - | KL5: - | KM5: - | KN5: - | KO5: - | KP5: - | KQ5: - | KR5: - | KS5: - | KT5: - | KU5: - | KV5: - | KW5: - | KX5: - | KY5: - | KZ5: - | LA5: - | LB5: - | LC5: - | LD5: - | LE5: - | LF5: - | LG5: - | LH5: - | LI5: - | LJ5: - | LK5: - | LL5: - | LM5: - | LN5: - | LO5: - | LP5: - | LQ5: - | LR5: - | LS5: - | LT5: - | LU5: - | LV5: - | LW5: - | LX5: - | LY5: - | LZ5: - | MA5: - | MB5: - | MC5: - | MD5: - | ME5: - | MF5: - | MG5: - | MH5: - | MI5: - | MJ5: - | MK5: - | ML5: - | MM5: - | MN5: - | MO5: - | MP5: - | MQ5: - | MR5: - | MS5: - | MT5: - | MU5: - | MV5: - | MW5: - | MX5: - | MY5: - | MZ5: - | NA5: - | NB5: - | NC5: - | ND5: 2216 | NE5: 2555 | NF5: 56623 | NG5: - | NH5: - | NI5: - | NJ5: - | NK5: - | NL5: -
A6: 전남광주통합특별시 | B6: 광주광역시 | C6: 200 | D6: 4770 | E6: 136 | F6: 2203 | G6: 2996 | H6: 64 | I6: 2772 | J6: 1774 | K6: 30 | L6: 2772 | M6: 832 | N6: 0 | O6: 0 | P6: 0 | Q6: 34 | R6: 2771 | S6: 942 | T6: 110 | U6: 2551 | V6: 58 | W6: 2193 | X6: 1272 | Y6: 52 | Z6: 2460 | AA6: 1279 | AB6: 48 | AC6: 2456 | AD6: 1179 | AE6: 0 | AF6: 0 | AG6: 0 | AH6: 4 | AI6: 2500 | AJ6: 100 | AK6: 132 | AL6: 3092 | AM6: 109 | AN6: 2163 | AO6: 2358 | AP6: 23 | AQ6: 3191 | AR6: 734 | AS6: 14 | AT6: 3194 | AU6: 447 | AV6: 0 | AW6: 0 | AX6: 0 | AY6: 9 | AZ6: 3189 | BA6: 287 | BB6: 133 | BC6: 2931 | BD6: 123 | BE6: 2136 | BF6: 2627 | BG6: 10 | BH6: 3040 | BI6: 304 | BJ6: 10 | BK6: 3036 | BL6: 304 | BM6: 0 | BN6: 0 | BO6: 0 | BP6: 0 | BQ6: 0 | BR6: 0 | BS6: 150 | BT6: 3320 | BU6: 103 | BV6: 2145 | BW6: 2209 | BX6: 47 | BY6: 2364 | BZ6: 1111 | CA6: 32 | CB6: 2351 | CC6: 752 | CD6: 0 | CE6: 0 | CF6: 0 | CG6: 15 | CH6: 2393 | CI6: 359 | CJ6: 132 | CK6: 3006 | CL6: 78 | CM6: 2151 | CN6: 1678 | CO6: 54 | CP6: 2459 | CQ6: 1328 | CR6: 54 | CS6: 2459 | CT6: 1328 | CU6: 0 | CV6: 0 | CW6: 0 | CX6: 0 | CY6: 0 | CZ6: 0 | DA6: 129 | DB6: 2632 | DC6: 92 | DD6: 2144 | DE6: 1972 | DF6: 37 | DG6: 1784 | DH6: 660 | DI6: 28 | DJ6: 1758 | DK6: 492 | DL6: 0 | DM6: 0 | DN6: 0 | DO6: 9 | DP6: 1868 | DQ6: 168 | DR6: 187 | DS6: 3896 | DT6: 167 | DU6: 2110 | DV6: 3524 | DW6: 20 | DX6: 1860 | DY6: 372 | DZ6: 20 | EA6: 1861 | EB6: 372 | EC6: 0 | ED6: 0 | EE6: 0 | EF6: 0 | EG6: 0 | EH6: 0 | EI6: 196 | EJ6: 3620 | EK6: 121 | EL6: 1867 | EM6: 2259 | EN6: 75 | EO6: 1815 | EP6: 1361 | EQ6: 70 | ER6: 1814 | ES6: 1270 | ET6: 0 | EU6: 0 | EV6: 0 | EW6: 5 | EX6: 1818 | EY6: 91 | EZ6: 161 | FA6: 3217 | FB6: 109 | FC6: 2078 | FD6: 2265 | FE6: 52 | FF6: 1831 | FG6: 952 | FH6: 52 | FI6: 1830 | FJ6: 952 | FK6: 0 | FL6: 0 | FM6: 0 | FN6: 0 | FO6: 0 | FP6: 0 | FQ6: 83 | FR6: 1433 | FS6: 67 | FT6: 1721 | FU6: 1153 | FV6: 16 | FW6: 1750 | FX6: 280 | FY6: 14 | FZ6: 1762 | GA6: 247 | GB6: 0 | GC6: 0 | GD6: 0 | GE6: 2 | GF6: 1642 | GG6: 33 | GH6: 143 | GI6: 2946 | GJ6: 82 | GK6: 1914 | GL6: 1569 | GM6: 61 | GN6: 2257 | GO6: 1377 | GP6: 61 | GQ6: 2257 | GR6: 1377 | GS6: 0 | GT6: 0 | GU6: 0 | GV6: 0 | GW6: 0 | GX6: 0 | GY6: 176 | GZ6: 3333 | HA6: 91 | HB6: 1613 | HC6: 1475 | HD6: 84 | HE6: 2208 | HF6: 1858 | HG6: 82 | HH6: 2219 | HI6: 1816 | HJ6: 0 | HK6: 0 | HL6: 0 | HM6: 2 | HN6: 1837 | HO6: 42 | HP6: 131 | HQ6: 2097 | HR6: 85 | HS6: 1580 | HT6: 1348 | HU6: 46 | HV6: 1646 | HW6: 749 | HX6: 44 | HY6: 1642 | HZ6: 719 | IA6: 0 | IB6: 0 | IC6: 0 | ID6: 2 | IE6: 1720 | IF6: 30 | IG6: 116 | IH6: 1844 | II6: 72 | IJ6: 1230 | IK6: 883 | IL6: 44 | IM6: 2174 | IN6: 961 | IO6: 41 | IP6: 2232 | IQ6: 916 | IR6: 0 | IS6: 0 | IT6: 0 | IU6: 3 | IV6: 1411 | IW6: 45 | IX6: 124 | IY6: 1916 | IZ6: 82 | JA6: 1402 | JB6: 1147 | JC6: 42 | JD6: 1842 | JE6: 769 | JF6: 42 | JG6: 1843 | JH6: 767 | JI6: 0 | JJ6: 0 | JK6: 0 | JL6: 0 | JM6: 1403 | JN6: 2 | JO6: 169 | JP6: 2561 | JQ6: 132 | JR6: 1403 | JS6: 1857 | JT6: 37 | JU6: 1917 | JV6: 704 | JW6: 30 | JX6: 2036 | JY6: 608 | JZ6: 0 | KA6: 0 | KB6: 0 | KC6: 7 | KD6: 1397 | KE6: 96 | KF6: 112 | KG6: 1624 | KH6: 89 | KI6: 1394 | KJ6: 1243 | KK6: 23 | KL6: 1679 | KM6: 381 | KN6: 13 | KO6: 1899 | KP6: 237 | KQ6: 0 | KR6: 0 | KS6: 0 | KT6: 10 | KU6: 1406 | KV6: 144 | KW6: 115 | KX6: 1795 | KY6: 90 | KZ6: 1416 | LA6: 1275 | LB6: 25 | LC6: 2099 | LD6: 520 | LE6: 16 | LF6: 2473 | LG6: 397 | LH6: 0 | LI6: 0 | LJ6: 0 | LK6: 9 | LL6: 1412 | LM6: 123 | LN6: 114 | LO6: 1682 | LP6: 54 | LQ6: 1401 | LR6: 762 | LS6: 60 | LT6: 1539 | LU6: 920 | LV6: 46 | LW6: 1571 | LX6: 727 | LY6: - | LZ6: - | MA6: - | MB6: 13 | MC6: 1432 | MD6: 193 | ME6: - | MF6: - | MG6: - | MH6: - | MI6: - | MJ6: - | MK6: - | ML6: - | MM6: 13 | MN6: 2175 | MO6: 290 | MP6: - | MQ6: - | MR6: - | MS6: - | MT6: - | MU6: - | MV6: - | MW6: - | MX6: - | MY6: - | MZ6: - | NA6: - | NB6: - | NC6: - | ND6: 59 | NE6: 2515 | NF6: 1473 | NG6: - | NH6: - | NI6: - | NJ6: - | NK6: - | NL6: -
A7: 전남광주통합특별시 | B7: 전라남도 | C7: 7494 | D7: 158292 | E7: 3475 | F7: 1561 | G7: 54245 | H7: 4019 | I7: 2589 | J7: 104047 | K7: 3193 | L7: 2772 | M7: 88510 | N7: 0 | O7: 0 | P7: 0 | Q7: 826 | R7: 1881 | S7: 15537 | T7: 5894 | U7: 128512 | V7: 3542 | W7: 1876 | X7: 66448 | Y7: 2352 | Z7: 2639 | AA7: 62064 | AB7: 2062 | AC7: 2737 | AD7: 56441 | AE7: 0 | AF7: 0 | AG7: 0 | AH7: 290 | AI7: 1939 | AJ7: 5623 | AK7: 6437 | AL7: 136906 | AM7: 4629 | AN7: 1783 | AO7: 82535 | AP7: 1808 | AQ7: 3007 | AR7: 54371 | AS7: 1518 | AT7: 3194 | AU7: 48487 | AV7: 0 | AW7: 0 | AX7: 0 | AY7: 290 | AZ7: 2029 | BA7: 5884 | BB7: 5664 | BC7: 120255 | BD7: 3834 | BE7: 1744 | BF7: 66865 | BG7: 1830 | BH7: 2917 | BI7: 53390 | BJ7: 1537 | BK7: 3036 | BL7: 46669 | BM7: 0 | BN7: 0 | BO7: 0 | BP7: 293 | BQ7: 2294 | BR7: 6721 | BS7: 6216 | BT7: 132499 | BU7: 4280 | BV7: 1829 | BW7: 78281 | BX7: 1936 | BY7: 2801 | BZ7: 54218 | CA7: 1613 | CB7: 2900 | CC7: 46779 | CD7: 0 | CE7: 0 | CF7: 0 | CG7: 323 | CH7: 2303 | CI7: 7439 | CJ7: 6663 | CK7: 133545 | CL7: 3981 | CM7: 1876 | CN7: 74684 | CO7: 2682 | CP7: 2195 | CQ7: 58861 | CR7: 2137 | CS7: 2246 | CT7: 47994 | CU7: 0 | CV7: 0 | CW7: 0 | CX7: 545 | CY7: 1994 | CZ7: 10867 | DA7: 6350 | DB7: 125149 | DC7: 3818 | DD7: 1838 | DE7: 70175 | DF7: 2532 | DG7: 2171 | DH7: 54974 | DI7: 2042 | DJ7: 2251 | DK7: 45963 | DL7: 0 | DM7: 0 | DN7: 0 | DO7: 490 | DP7: 1839 | DQ7: 9011 | DR7: 6989 | DS7: 134824 | DT7: 4626 | DU7: 1792 | DV7: 82898 | DW7: 2363 | DX7: 2197 | DY7: 51926 | DZ7: 2051 | EA7: 2244 | EB7: 46035 | EC7: 0 | ED7: 0 | EE7: 0 | EF7: 312 | EG7: 1888 | EH7: 5891 | EI7: 7361 | EJ7: 144068 | EK7: 4727 | EL7: 1544 | EM7: 72985 | EN7: 2634 | EO7: 2699 | EP7: 71083 | EQ7: 2293 | ER7: 2830 | ES7: 64884 | ET7: 0 | EU7: 0 | EV7: 0 | EW7: 341 | EX7: 1818 | EY7: 6199 | EZ7: 6647 | FA7: 136351 | FB7: 4214 | FC7: 1750 | FD7: 73745 | FE7: 2433 | FF7: 2573 | FG7: 62606 | FH7: 2226 | FI7: 2639 | FJ7: 58754 | FK7: 0 | FL7: 0 | FM7: 0 | FN7: 207 | FO7: 1861 | FP7: 3852 | FQ7: 6574 | FR7: 132017 | FS7: 4315 | FT7: 1733 | FU7: 74779 | FV7: 2259 | FW7: 2534 | FX7: 57238 | FY7: 1942 | FZ7: 2619 | GA7: 50869 | GB7: 0 | GC7: 0 | GD7: 0 | GE7: 317 | GF7: 2009 | GG7: 6369 | GH7: 7557 | GI7: 135077 | GJ7: 5391 | GK7: 1546 | GL7: 83345 | GM7: 2166 | GN7: 2388 | GO7: 51732 | GP7: 1855 | GQ7: 2489 | GR7: 46165 | GS7: 0 | GT7: 0 | GU7: 0 | GV7: 311 | GW7: 1790 | GX7: 5567 | GY7: 7007 | GZ7: 133952 | HA7: 4884 | HB7: 1775 | HC7: 86685 | HD7: 2123 | HE7: 2226 | HF7: 47267 | HG7: 1845 | HH7: 2285 | HI7: 42156 | HJ7: 0 | HK7: 0 | HL7: 0 | HM7: 278 | HN7: 1837 | HO7: 5111 | HP7: 7865 | HQ7: 155713 | HR7: 5114 | HS7: 1855 | HT7: 94862 | HU7: 2751 | HV7: 2212 | HW7: 60851 | HX7: 2062 | HY7: 2376 | HZ7: 48992 | IA7: 0 | IB7: 0 | IC7: 0 | ID7: 689 | IE7: 1720 | IF7: 11859 | IG7: 8777 | IH7: 226364 | II7: 5572 | IJ7: 2477 | IK7: 138011 | IL7: 3205 | IM7: 2757 | IN7: 88353 | IO7: 2273 | IP7: 2691 | IQ7: 61173 | IR7: 0 | IS7: 0 | IT7: 0 | IU7: 932 | IV7: 2916 | IW7: 27180 | IX7: 8428 | IY7: 156044 | IZ7: 5640 | JA7: 1731 | JB7: 97635 | JC7: 2788 | JD7: 2095 | JE7: 58409 | JF7: 2331 | JG7: 2257 | JH7: 52603 | JI7: 0 | JJ7: 0 | JK7: 0 | JL7: 457 | JM7: 1270 | JN7: 5806 | JO7: 8444 | JP7: 158498 | JQ7: 6215 | JR7: 1739 | JS7: 108081 | JT7: 2229 | JU7: 2262 | JV7: 50417 | JW7: 1850 | JX7: 2369 | JY7: 43828 | JZ7: 0 | KA7: 0 | KB7: 0 | KC7: 379 | KD7: 1740 | KE7: 6589 | KF7: 8753 | KG7: 165400 | KH7: 6155 | KI7: 1772 | KJ7: 109065 | KK7: 2598 | KL7: 2169 | KM7: 56335 | KN7: 2050 | KO7: 2266 | KP7: 46461 | KQ7: 0 | KR7: 0 | KS7: 0 | KT7: 548 | KU7: 1803 | KV7: 9874 | KW7: 8832 | KX7: 186886 | KY7: 5532 | KZ7: 2126 | LA7: 117608 | LB7: 3300 | LC7: 2099 | LD7: 69278 | LE7: 2373 | LF7: 2263 | LG7: 53720 | LH7: 0 | LI7: 0 | LJ7: 0 | LK7: 926 | LL7: 1679 | LM7: 15558 | LN7: 8522 | LO7: 182649 | LP7: 5374 | LQ7: 2265 | LR7: 121710 | LS7: 3149 | LT7: 1935 | LU7: 60939 | LV7: 2219 | LW7: 2148 | LX7: 47663 | LY7: - | LZ7: - | MA7: - | MB7: 930 | MC7: 1428 | MD7: 13276 | ME7: - | MF7: - | MG7: - | MH7: - | MI7: - | MJ7: - | MK7: - | ML7: - | MM7: 1909 | MN7: 2197 | MO7: 41933 | MP7: - | MQ7: - | MR7: - | MS7: - | MT7: - | MU7: - | MV7: - | MW7: - | MX7: - | MY7: - | MZ7: - | NA7: - | NB7: - | NC7: - | ND7: 2158 | NE7: 2556 | NF7: 55150 | NG7: - | NH7: - | NI7: - | NJ7: - | NK7: - | NL7: -
A8: 부산광역시 | B8: 소계 | C8: 93 | D8: 2129 | E8: 33 | F8: 1845 | G8: 609 | H8: 60 | I8: 2533 | J8: 1520 | K8: 22 | L8: 2909 | M8: 640 | N8: 0 | O8: 0 | P8: 0 | Q8: 38 | R8: 2316 | S8: 880 | T8: 62 | U8: 1279 | V8: 36 | W8: 1636 | X8: 589 | Y8: 26 | Z8: 2654 | AA8: 690 | AB8: 15 | AC8: 2656 | AD8: 398 | AE8: 0 | AF8: 0 | AG8: 0 | AH8: 11 | AI8: 2655 | AJ8: 292 | AK8: 119 | AL8: 2684 | AM8: 44 | AN8: 1573 | AO8: 692 | AP8: 75 | AQ8: 2656 | AR8: 1992 | AS8: 25 | AT8: 2656 | AU8: 664 | AV8: 0 | AW8: 0 | AX8: 0 | AY8: 50 | AZ8: 2656 | BA8: 1328 | BB8: 95 | BC8: 1459 | BD8: 71 | BE8: 1180 | BF8: 838 | BG8: 24 | BH8: 2588 | BI8: 621 | BJ8: 19 | BK8: 2805 | BL8: 533 | BM8: 0 | BN8: 0 | BO8: 0 | BP8: 5 | BQ8: 1760 | BR8: 88 | BS8: 76 | BT8: 1058 | BU8: 61 | BV8: 1176 | BW8: 717 | BX8: 15 | BY8: 2273 | BZ8: 341 | CA8: 11 | CB8: 2477 | CC8: 272 | CD8: 0 | CE8: 0 | CF8: 0 | CG8: 4 | CH8: 1731 | CI8: 69 | CJ8: 89 | CK8: 1146 | CL8: 77 | CM8: 1144 | CN8: 881 | CO8: 12 | CP8: 2208 | CQ8: 265 | CR8: 12 | CS8: 2209 | CT8: 265 | CU8: 0 | CV8: 0 | CW8: 0 | CX8: 0 | CY8: 0 | CZ8: 0 | DA8: 119 | DB8: 1473 | DC8: 88 | DD8: 1003 | DE8: 883 | DF8: 31 | DG8: 1903 | DH8: 590 | DI8: 31 | DJ8: 1905 | DK8: 590 | DL8: 0 | DM8: 0 | DN8: 0 | DO8: 0 | DP8: 0 | DQ8: 0 | DR8: 142 | DS8: 1652 | DT8: 119 | DU8: 979 | DV8: 1165 | DW8: 23 | DX8: 2117 | DY8: 487 | DZ8: 22 | EA8: 2156 | EB8: 474 | EC8: 0 | ED8: 0 | EE8: 0 | EF8: 1 | EG8: 1303 | EH8: 13 | EI8: 195 | EJ8: 2773 | EK8: 143 | EL8: 1050 | EM8: 1502 | EN8: 52 | EO8: 2444 | EP8: 1271 | EQ8: 36 | ER8: 2927 | ES8: 1054 | ET8: 0 | EU8: 0 | EV8: 0 | EW8: 16 | EX8: 1357 | EY8: 217 | EZ8: 155 | FA8: 1872 | FB8: 133 | FC8: 975 | FD8: 1297 | FE8: 22 | FF8: 2614 | FG8: 575 | FH8: 22 | FI8: 2615 | FJ8: 575 | FK8: 0 | FL8: 0 | FM8: 0 | FN8: 0 | FO8: 0 | FP8: 0 | FQ8: 128 | FR8: 1535 | FS8: 99 | FT8: 888 | FU8: 879 | FV8: 29 | FW8: 2262 | FX8: 656 | FY8: 28 | FZ8: 2291 | GA8: 641 | GB8: 0 | GC8: 0 | GD8: 0 | GE8: 1 | GF8: 1533 | GG8: 15 | GH8: 94 | GI8: 965 | GJ8: 50 | GK8: 877 | GL8: 439 | GM8: 44 | GN8: 1195 | GO8: 526 | GP8: 19 | GQ8: 1970 | GR8: 374 | GS8: 0 | GT8: 0 | GU8: 0 | GV8: 25 | GW8: 606 | GX8: 152 | GY8: 107 | GZ8: 1385 | HA8: 54 | HB8: 949 | HC8: 516 | HD8: 53 | HE8: 1650 | HF8: 869 | HG8: 34 | HH8: 1820 | HI8: 613 | HJ8: 0 | HK8: 0 | HL8: 0 | HM8: 19 | HN8: 1351 | HO8: 256 | HP8: 99 | HQ8: 2167 | HR8: 46 | HS8: 2379 | HT8: 1098 | HU8: 53 | HV8: 2009 | HW8: 1069 | HX8: 38 | HY8: 1877 | HZ8: 718 | IA8: 0 | IB8: 0 | IC8: 0 | ID8: 15 | IE8: 2343 | IF8: 351 | IG8: 121 | IH8: 1509 | II8: 56 | IJ8: 687 | IK8: 387 | IL8: 65 | IM8: 1735 | IN8: 1122 | IO8: 45 | IP8: 2077 | IQ8: 934 | IR8: 0 | IS8: 0 | IT8: 0 | IU8: 20 | IV8: 957 | IW8: 188 | IX8: 151 | IY8: 1816 | IZ8: 51 | JA8: 676 | JB8: 348 | JC8: 100 | JD8: 1475 | JE8: 1468 | JF8: 44 | JG8: 2158 | JH8: 939 | JI8: 0 | JJ8: 0 | JK8: 0 | JL8: 56 | JM8: 944 | JN8: 529 | JO8: 79 | JP8: 1130 | JQ8: 45 | JR8: 723 | JS8: 322 | JT8: 34 | JU8: 2353 | JV8: 808 | JW8: 25 | JX8: 2869 | JY8: 723 | JZ8: 0 | KA8: 0 | KB8: 0 | KC8: 9 | KD8: 935 | KE8: 85 | KF8: 88 | KG8: 1066 | KH8: 50 | KI8: 727 | KJ8: 363 | KK8: 38 | KL8: 1866 | KM8: 703 | KN8: 24 | KO8: 2417 | KP8: 571 | KQ8: 0 | KR8: 0 | KS8: 0 | KT8: 14 | KU8: 941 | KV8: 132 | KW8: 79 | KX8: 972 | KY8: 37 | KZ8: 733 | LA8: 274 | LB8: 42 | LC8: 1672 | LD8: 698 | LE8: 28 | LF8: 2009 | LG8: 563 | LH8: 0 | LI8: 0 | LJ8: 0 | LK8: 14 | LL8: 988 | LM8: 135 | LN8: 82 | LO8: 1511 | LP8: 36 | LQ8: 810 | LR8: 293 | LS8: 46 | LT8: 2659 | LU8: 1218 | LV8: 37 | LW8: 2826 | LX8: 1041 | LY8: - | LZ8: - | MA8: - | MB8: 9 | MC8: 1980 | MD8: 177 | ME8: - | MF8: - | MG8: - | MH8: - | MI8: - | MJ8: - | MK8: - | ML8: - | MM8: 31 | MN8: 2910 | MO8: 897 | MP8: - | MQ8: - | MR8: - | MS8: - | MT8: - | MU8: - | MV8: - | MW8: - | MX8: - | MY8: - | MZ8: - | NA8: - | NB8: - | NC8: - | ND8: 56 | NE8: 1967 | NF8: 1092 | NG8: - | NH8: - | NI8: - | NJ8: - | NK8: - | NL8: -
A9: 대구광역시 | B9: 소계 | C9: 194 | D9: 4062 | E9: 71 | F9: 1507 | G9: 1070 | H9: 123 | I9: 2433 | J9: 2992 | K9: 115 | L9: 2451 | M9: 2819 | N9: 0 | O9: 0 | P9: 0 | Q9: 8 | R9: 2163 | S9: 173 | T9: 183 | U9: 4057 | V9: 64 | W9: 1688 | X9: 1080 | Y9: 119 | Z9: 2502 | AA9: 2977 | AB9: 118 | AC9: 2502 | AD9: 2952 | AE9: 0 | AF9: 0 | AG9: 0 | AH9: 1 | AI9: 2500 | AJ9: 25 | AK9: 164 | AL9: 3380 | AM9: 76 | AN9: 1380 | AO9: 1049 | AP9: 88 | AQ9: 2649 | AR9: 2331 | AS9: 72 | AT9: 2737 | AU9: 1971 | AV9: 0 | AW9: 0 | AX9: 0 | AY9: 16 | AZ9: 2250 | BA9: 360 | BB9: 185 | BC9: 4436 | BD9: 84 | BE9: 1673 | BF9: 1405 | BG9: 101 | BH9: 3001 | BI9: 3031 | BJ9: 101 | BK9: 3001 | BL9: 3031 | BM9: 0 | BN9: 0 | BO9: 0 | BP9: 0 | BQ9: 0 | BR9: 0 | BS9: 203 | BT9: 3646 | BU9: 109 | BV9: 1588 | BW9: 1731 | BX9: 94 | BY9: 2037 | BZ9: 1915 | CA9: 90 | CB9: 2088 | CC9: 1879 | CD9: 0 | CE9: 0 | CF9: 0 | CG9: 4 | CH9: 900 | CI9: 36 | CJ9: 232 | CK9: 3490 | CL9: 120 | CM9: 1276 | CN9: 1531 | CO9: 112 | CP9: 1749 | CQ9: 1959 | CR9: 104 | CS9: 1789 | CT9: 1860 | CU9: 0 | CV9: 0 | CW9: 0 | CX9: 8 | CY9: 1239 | CZ9: 99 | DA9: 200 | DB9: 3829 | DC9: 101 | DD9: 1299 | DE9: 1312 | DF9: 99 | DG9: 2542 | DH9: 2517 | DI9: 99 | DJ9: 2542 | DK9: 2517 | DL9: 0 | DM9: 0 | DN9: 0 | DO9: 0 | DP9: 0 | DQ9: 0 | DR9: 202 | DS9: 4428 | DT9: 96 | DU9: 1255 | DV9: 1205 | DW9: 106 | DX9: 3041 | DY9: 3223 | DZ9: 106 | EA9: 3041 | EB9: 3223 | EC9: 0 | ED9: 0 | EE9: 0 | EF9: 0 | EG9: 0 | EH9: 0 | EI9: 288 | EJ9: 5423 | EK9: 123 | EL9: 1306 | EM9: 1606 | EN9: 165 | EO9: 2313 | EP9: 3817 | EQ9: 148 | ER9: 2349 | ES9: 3477 | ET9: 0 | EU9: 0 | EV9: 0 | EW9: 17 | EX9: 2000 | EY9: 340 | EZ9: 165 | FA9: 2824 | FB9: 82 | FC9: 1009 | FD9: 827 | FE9: 83 | FF9: 2406 | FG9: 1997 | FH9: 74 | FI9: 2504 | FJ9: 1853 | FK9: 0 | FL9: 0 | FM9: 0 | FN9: 9 | FO9: 1600 | FP9: 144 | FQ9: 133 | FR9: 2344 | FS9: 66 | FT9: 1053 | FU9: 695 | FV9: 67 | FW9: 2461 | FX9: 1649 | FY9: 63 | FZ9: 2540 | GA9: 1600 | GB9: 0 | GC9: 0 | GD9: 0 | GE9: 4 | GF9: 1227 | GG9: 49 | GH9: 200 | GI9: 4022 | GJ9: 77 | GK9: 1030 | GL9: 793 | GM9: 123 | GN9: 2625 | GO9: 3229 | GP9: 118 | GQ9: 2637 | GR9: 3111 | GS9: 0 | GT9: 0 | GU9: 0 | GV9: 5 | GW9: 2361 | GX9: 118 | GY9: 179 | GZ9: 2967 | HA9: 78 | HB9: 993 | HC9: 777 | HD9: 100 | HE9: 2184 | HF9: 2190 | HG9: 95 | HH9: 2183 | HI9: 2072 | HJ9: 0 | HK9: 0 | HL9: 0 | HM9: 5 | HN9: 2194 | HO9: 118 | HP9: 119 | HQ9: 1889 | HR9: 58 | HS9: 940 | HT9: 541 | HU9: 61 | HV9: 2199 | HW9: 1348 | HX9: 56 | HY9: 2201 | HZ9: 1231 | IA9: 0 | IB9: 0 | IC9: 0 | ID9: 5 | IE9: 2174 | IF9: 117 | IG9: 151 | IH9: 2040 | II9: 56 | IJ9: 636 | IK9: 357 | IL9: 95 | IM9: 1777 | IN9: 1683 | IO9: 94 | IP9: 1782 | IQ9: 1667 | IR9: 0 | IS9: 0 | IT9: 0 | IU9: 1 | IV9: 1403 | IW9: 16 | IX9: 158 | IY9: 2450 | IZ9: 70 | JA9: 637 | JB9: 448 | JC9: 87 | JD9: 2297 | JE9: 2002 | JF9: 85 | JG9: 2325 | JH9: 1966 | JI9: 0 | JJ9: 0 | JK9: 0 | JL9: 3 | JM9: 1372 | JN9: 36 | JO9: 116 | JP9: 1353 | JQ9: 72 | JR9: 586 | JS9: 420 | JT9: 45 | JU9: 2093 | JV9: 933 | JW9: 44 | JX9: 2096 | JY9: 929 | JZ9: 0 | KA9: 0 | KB9: 0 | KC9: 0 | KD9: 1352 | KE9: 4 | KF9: 98 | KG9: 1385 | KH9: 58 | KI9: 762 | KJ9: 445 | KK9: 40 | KL9: 2366 | KM9: 940 | KN9: 37 | KO9: 2436 | KP9: 902 | KQ9: 0 | KR9: 0 | KS9: 0 | KT9: 3 | KU9: 1402 | KV9: 38 | KW9: 110 | KX9: 1649 | KY9: 41 | KZ9: 1279 | LA9: 519 | LB9: 70 | LC9: 1624 | LD9: 1130 | LE9: 37 | LF9: 1987 | LG9: 732 | LH9: 0 | LI9: 0 | LJ9: 0 | LK9: 33 | LL9: 1215 | LM9: 398 | LN9: 374 | LO9: 9185 | LP9: 71 | LQ9: 1350 | LR9: 957 | LS9: 303 | LT9: 2711 | LU9: 8228 | LV9: 286 | LW9: 2804 | LX9: 8020 | LY9: - | LZ9: - | MA9: - | MB9: 17 | MC9: 1188 | MD9: 208 | ME9: - | MF9: - | MG9: - | MH9: - | MI9: - | MJ9: - | MK9: - | ML9: - | MM9: 256 | MN9: 1991 | MO9: 5096 | MP9: - | MQ9: - | MR9: - | MS9: - | MT9: - | MU9: - | MV9: - | MW9: - | MX9: - | MY9: - | MZ9: - | NA9: - | NB9: - | NC9: - | ND9: 122 | NE9: 2200 | NF9: 2691 | NG9: - | NH9: - | NI9: - | NJ9: - | NK9: - | NL9: -
A10: 인천광역시 | B10: 소계 | C10: 723 | D10: 13905 | E10: 471 | F10: 1714 | G10: 8073 | H10: 252 | I10: 2314 | J10: 5832 | K10: 247 | L10: 2314 | M10: 5716 | N10: 0 | O10: 0 | P10: 0 | Q10: 5 | R10: 2320 | S10: 116 | T10: 679 | U10: 13235 | V10: 482 | W10: 1658 | X10: 7992 | Y10: 197 | Z10: 2661 | AA10: 5243 | AB10: 197 | AC10: 2661 | AD10: 5243 | AE10: 0 | AF10: 0 | AG10: 0 | AH10: 0 | AI10: 0 | AJ10: 0 | AK10: 829 | AL10: 15260 | AM10: 646 | AN10: 1688 | AO10: 10904 | AP10: 183 | AQ10: 2380 | AR10: 4356 | AS10: 182 | AT10: 2380 | AU10: 4332 | AV10: 0 | AW10: 0 | AX10: 0 | AY10: 1 | AZ10: 2400 | BA10: 24 | BB10: 908 | BC10: 18060 | BD10: 709 | BE10: 1720 | BF10: 12195 | BG10: 199 | BH10: 2947 | BI10: 5865 | BJ10: 182 | BK10: 2952 | BL10: 5373 | BM10: 0 | BN10: 0 | BO10: 0 | BP10: 17 | BQ10: 2894 | BR10: 492 | BS10: 1013 | BT10: 20219 | BU10: 794 | BV10: 1701 | BW10: 13506 | BX10: 219 | BY10: 3065 | BZ10: 6713 | CA10: 216 | CB10: 3079 | CC10: 6650 | CD10: 0 | CE10: 0 | CF10: 0 | CG10: 3 | CH10: 2100 | CI10: 63 | CJ10: 908 | CK10: 17356 | CL10: 689 | CM10: 1538 | CN10: 10597 | CO10: 219 | CP10: 3086 | CQ10: 6759 | CR10: 218 | CS10: 3092 | CT10: 6740 | CU10: 0 | CV10: 0 | CW10: 0 | CX10: 1 | CY10: 1900 | CZ10: 19 | DA10: 896 | DB10: 13334 | DC10: 662 | DD10: 895 | DE10: 5925 | DF10: 234 | DG10: 3166 | DH10: 7409 | DI10: 233 | DJ10: 3172 | DK10: 7391 | DL10: 0 | DM10: 0 | DN10: 0 | DO10: 1 | DP10: 1750 | DQ10: 18 | DR10: 1120 | DS10: 15113 | DT10: 887 | DU10: 1156 | DV10: 10254 | DW10: 233 | DX10: 2085 | DY10: 4859 | DZ10: 232 | EA10: 2087 | EB10: 4842 | EC10: 0 | ED10: 0 | EE10: 0 | EF10: 1 | EG10: 1690 | EH10: 17 | EI10: 1124 | EJ10: 20162 | EK10: 894 | EL10: 1559 | EM10: 13937 | EN10: 230 | EO10: 2707 | EP10: 6225 | EQ10: 230 | ER10: 2706 | ES10: 6225 | ET10: 0 | EU10: 0 | EV10: 0 | EW10: 0 | EX10: 0 | EY10: 0 | EZ10: 1140 | FA10: 22664 | FB10: 931 | FC10: 1724 | FD10: 16050 | FE10: 209 | FF10: 3165 | FG10: 6614 | FH10: 207 | FI10: 3184 | FJ10: 6590 | FK10: 0 | FL10: 0 | FM10: 0 | FN10: 2 | FO10: 1202 | FP10: 24 | FQ10: 1002 | FR10: 15055 | FS10: 801 | FT10: 1256 | FU10: 10061 | FV10: 201 | FW10: 2485 | FX10: 4994 | FY10: 198 | FZ10: 2500 | GA10: 4950 | GB10: 0 | GC10: 0 | GD10: 0 | GE10: 3 | GF10: 1450 | GG10: 44 | GH10: 1004 | GI10: 18853 | GJ10: 833 | GK10: 1691 | GL10: 14086 | GM10: 171 | GN10: 2788 | GO10: 4767 | GP10: 166 | GQ10: 2827 | GR10: 4693 | GS10: 0 | GT10: 0 | GU10: 0 | GV10: 5 | GW10: 1479 | GX10: 74 | GY10: 973 | GZ10: 16488 | HA10: 826 | HB10: 1536 | HC10: 12688 | HD10: 147 | HE10: 2583 | HF10: 3800 | HG10: 144 | HH10: 2599 | HI10: 3748 | HJ10: 0 | HK10: 0 | HL10: 0 | HM10: 3 | HN10: 1771 | HO10: 52 | HP10: 840 | HQ10: 11810 | HR10: 680 | HS10: 1054 | HT10: 7165 | HU10: 160 | HV10: 2905 | HW10: 4645 | HX10: 155 | HY10: 2975 | HZ10: 4615 | IA10: 0 | IB10: 0 | IC10: 0 | ID10: 5 | IE10: 626 | IF10: 30 | IG10: 940 | IH10: 14978 | II10: 744 | IJ10: 1501 | IK10: 11163 | IL10: 196 | IM10: 1944 | IN10: 3815 | IO10: 180 | IP10: 2067 | IQ10: 3711 | IR10: 0 | IS10: 0 | IT10: 0 | IU10: 17 | IV10: 622 | IW10: 104 | IX10: 1046 | IY10: 17052 | IZ10: 869 | JA10: 1532 | JB10: 13313 | JC10: 177 | JD10: 2110 | JE10: 3739 | JF10: 174 | JG10: 2148 | JH10: 3728 | JI10: 0 | JJ10: 0 | JK10: 0 | JL10: 4 | JM10: 294 | JN10: 11 | JO10: 884 | JP10: 15693 | JQ10: 711 | JR10: 1510 | JS10: 10729 | JT10: 174 | JU10: 2856 | JV10: 4964 | JW10: 169 | JX10: 2923 | JY10: 4951 | JZ10: 0 | KA10: 0 | KB10: 0 | KC10: 4 | KD10: 303 | KE10: 13 | KF10: 846 | KG10: 13930 | KH10: 698 | KI10: 1494 | KJ10: 10429 | KK10: 148 | KL10: 2366 | KM10: 3501 | KN10: 143 | KO10: 2374 | KP10: 3386 | KQ10: 0 | KR10: 0 | KS10: 0 | KT10: 5 | KU10: 2148 | KV10: 115 | KW10: 786 | KX10: 12915 | KY10: 598 | KZ10: 1314 | LA10: 7858 | LB10: 188 | LC10: 2694 | LD10: 5057 | LE10: 184 | LF10: 2727 | LG10: 5028 | LH10: 0 | LI10: 0 | LJ10: 0 | LK10: 3 | LL10: 852 | LM10: 29 | LN10: 714 | LO10: 11914 | LP10: 531 | LQ10: 1334 | LR10: 7079 | LS10: 184 | LT10: 2633 | LU10: 4835 | LV10: 175 | LW10: 2719 | LX10: 4763 | LY10: - | LZ10: - | MA10: - | MB10: 8 | MC10: 850 | MD10: 72 | ME10: - | MF10: - | MG10: - | MH10: - | MI10: - | MJ10: - | MK10: - | ML10: - | MM10: 149 | MN10: 2940 | MO10: 4370 | MP10: - | MQ10: - | MR10: - | MS10: - | MT10: - | MU10: - | MV10: - | MW10: - | MX10: - | MY10: - | MZ10: - | NA10: - | NB10: - | NC10: - | ND10: 216 | NE10: 2224 | NF10: 4814 | NG10: - | NH10: - | NI10: - | NJ10: - | NK10: - | NL10: -
A11: 대전광역시 | B11: 소계 | C11: 166 | D11: 3733 | E11: 85 | F11: 1797 | G11: 1527 | H11: 81 | I11: 2723 | J11: 2206 | K11: 80 | L11: 2724 | M11: 2179 | N11: 0 | O11: 0 | P11: 0 | Q11: 1 | R11: 2700 | S11: 27 | T11: 109 | U11: 2343 | V11: 65 | W11: 1787 | X11: 1162 | Y11: 44 | Z11: 2684 | AA11: 1181 | AB11: 44 | AC11: 2685 | AD11: 1181 | AE11: 0 | AF11: 0 | AG11: 0 | AH11: 0 | AI11: 0 | AJ11: 0 | AK11: 155 | AL11: 3284 | AM11: 103 | AN11: 1886 | AO11: 1943 | AP11: 52 | AQ11: 2579 | AR11: 1341 | AS11: 52 | AT11: 2580 | AU11: 1341 | AV11: 0 | AW11: 0 | AX11: 0 | AY11: 0 | AZ11: 0 | BA11: 0 | BB11: 152 | BC11: 3543 | BD11: 93 | BE11: 1878 | BF11: 1747 | BG11: 59 | BH11: 3044 | BI11: 1796 | BJ11: 59 | BK11: 3043 | BL11: 1796 | BM11: 0 | BN11: 0 | BO11: 0 | BP11: 0 | BQ11: 0 | BR11: 0 | BS11: 149 | BT11: 2996 | BU11: 79 | BV11: 1834 | BW11: 1449 | BX11: 70 | BY11: 2210 | BZ11: 1547 | CA11: 70 | CB11: 2210 | CC11: 1547 | CD11: 0 | CE11: 0 | CF11: 0 | CG11: 0 | CH11: 0 | CI11: 0 | CJ11: 149 | CK11: 2497 | CL11: 82 | CM11: 1445 | CN11: 1185 | CO11: 67 | CP11: 1958 | CQ11: 1312 | CR11: 63 | CS11: 1963 | CT11: 1237 | CU11: 0 | CV11: 0 | CW11: 0 | CX11: 4 | CY11: 1864 | CZ11: 75 | DA11: 155 | DB11: 2557 | DC11: 64 | DD11: 1537 | DE11: 984 | DF11: 91 | DG11: 1729 | DH11: 1573 | DI11: 91 | DJ11: 1729 | DK11: 1573 | DL11: 0 | DM11: 0 | DN11: 0 | DO11: 0 | DP11: 0 | DQ11: 0 | DR11: 137 | DS11: 2196 | DT11: 84 | DU11: 1354 | DV11: 1137 | DW11: 53 | DX11: 1998 | DY11: 1059 | DZ11: 53 | EA11: 1998 | EB11: 1059 | EC11: 0 | ED11: 0 | EE11: 0 | EF11: 0 | EG11: 0 | EH11: 0 | EI11: 161 | EJ11: 3104 | EK11: 92 | EL11: 1461 | EM11: 1344 | EN11: 69 | EO11: 2551 | EP11: 1760 | EQ11: 67 | ER11: 2579 | ES11: 1728 | ET11: 0 | EU11: 0 | EV11: 0 | EW11: 2 | EX11: 1619 | EY11: 32 | EZ11: 130 | FA11: 2667 | FB11: 79 | FC11: 1480 | FD11: 1169 | FE11: 51 | FF11: 2937 | FG11: 1498 | FH11: 50 | FI11: 2964 | FJ11: 1482 | FK11: 0 | FL11: 0 | FM11: 0 | FN11: 1 | FO11: 1610 | FP11: 16 | FQ11: 120 | FR11: 2164 | FS11: 68 | FT11: 1514 | FU11: 1030 | FV11: 52 | FW11: 2181 | FX11: 1134 | FY11: 50 | FZ11: 2204 | GA11: 1102 | GB11: 0 | GC11: 0 | GD11: 0 | GE11: 2 | GF11: 1624 | GG11: 32 | GH11: 135 | GI11: 2512 | GJ11: 82 | GK11: 1370 | GL11: 1123 | GM11: 53 | GN11: 2621 | GO11: 1389 | GP11: 50 | GQ11: 2679 | GR11: 1340 | GS11: 0 | GT11: 0 | GU11: 0 | GV11: 3 | GW11: 1629 | GX11: 49 | GY11: 94 | GZ11: 1549 | HA11: 56 | HB11: 1466 | HC11: 818 | HD11: 38 | HE11: 1903 | HF11: 731 | HG11: 36 | HH11: 1884 | HI11: 682 | HJ11: 0 | HK11: 0 | HL11: 0 | HM11: 2 | HN11: 2198 | HO11: 49 | HP11: 87 | HQ11: 1555 | HR11: 44 | HS11: 1435 | HT11: 629 | HU11: 44 | HV11: 2127 | HW11: 926 | HX11: 41 | HY11: 2129 | HZ11: 882 | IA11: 0 | IB11: 0 | IC11: 0 | ID11: 2 | IE11: 2130 | IF11: 44 | IG11: 114 | IH11: 2428 | II11: 62 | IJ11: 1454 | IK11: 902 | IL11: 52 | IM11: 2913 | IN11: 1526 | IO11: 52 | IP11: 2917 | IQ11: 1522 | IR11: 0 | IS11: 0 | IT11: 0 | IU11: 0 | IV11: 1820 | IW11: 4 | IX11: 122 | IY11: 2093 | IZ11: 71 | JA11: 1397 | JB11: 993 | JC11: 51 | JD11: 2157 | JE11: 1100 | JF11: 45 | JG11: 2199 | JH11: 997 | JI11: 0 | JJ11: 0 | JK11: 0 | JL11: 6 | JM11: 1807 | JN11: 103 | JO11: 156 | JP11: 2667 | JQ11: 97 | JR11: 1495 | JS11: 1452 | JT11: 59 | JU11: 2053 | JV11: 1215 | JW11: 49 | JX11: 1985 | JY11: 967 | JZ11: 0 | KA11: 0 | KB11: 0 | KC11: 10 | KD11: 2369 | KE11: 248 | KF11: 122 | KG11: 1971 | KH11: 86 | KI11: 1409 | KJ11: 1216 | KK11: 36 | KL11: 2099 | KM11: 755 | KN11: 34 | KO11: 2081 | KP11: 699 | KQ11: 0 | KR11: 0 | KS11: 0 | KT11: 2 | KU11: 2372 | KV11: 56 | KW11: 133 | KX11: 2409 | KY11: 76 | KZ11: 1407 | LA11: 1068 | LB11: 57 | LC11: 2344 | LD11: 1341 | LE11: 55 | LF11: 2343 | LG11: 1288 | LH11: 0 | LI11: 0 | LJ11: 0 | LK11: 2 | LL11: 2387 | LM11: 53 | LN11: 118 | LO11: 1964 | LP11: 70 | LQ11: 1407 | LR11: 989 | LS11: 48 | LT11: 2037 | LU11: 975 | LV11: 46 | LW11: 2021 | LX11: 925 | LY11: - | LZ11: - | MA11: - | MB11: 2 | MC11: 2387 | MD11: 50 | ME11: - | MF11: - | MG11: - | MH11: - | MI11: - | MJ11: - | MK11: - | ML11: - | MM11: 44 | MN11: 2571 | MO11: 1128 | MP11: - | MQ11: - | MR11: - | MS11: - | MT11: - | MU11: - | MV11: - | MW11: - | MX11: - | MY11: - | MZ11: - | NA11: - | NB11: - | NC11: - | ND11: 29 | NE11: 3047 | NF11: 885 | NG11: - | NH11: - | NI11: - | NJ11: - | NK11: - | NL11: -
A12: 울산광역시 | B12: 소계 | C12: 167 | D12: 3975 | E12: 103 | F12: 1893 | G12: 1950 | H12: 64 | I12: 3164 | J12: 2025 | K12: 59 | L12: 3165 | M12: 1867 | N12: 0 | O12: 0 | P12: 0 | Q12: 5 | R12: 3160 | S12: 158 | T12: 171 | U12: 4560 | V12: 98 | W12: 1835 | X12: 1798 | Y12: 73 | Z12: 3784 | AA12: 2762 | AB12: 69 | AC12: 3828 | AD12: 2641 | AE12: 0 | AF12: 0 | AG12: 0 | AH12: 4 | AI12: 3025 | AJ12: 121 | AK12: 190 | AL12: 4441 | AM12: 115 | AN12: 1934 | AO12: 2224 | AP12: 75 | AQ12: 2956 | AR12: 2217 | AS12: 73 | AT12: 2956 | AU12: 2158 | AV12: 0 | AW12: 0 | AX12: 0 | AY12: 2 | AZ12: 2950 | BA12: 59 | BB12: 174 | BC12: 3773 | BD12: 98 | BE12: 1680 | BF12: 1646 | BG12: 76 | BH12: 2799 | BI12: 2127 | BJ12: 76 | BK12: 2799 | BL12: 2127 | BM12: 0 | BN12: 0 | BO12: 0 | BP12: 0 | BQ12: 0 | BR12: 0 | BS12: 194 | BT12: 4136 | BU12: 114 | BV12: 1692 | BW12: 1929 | BX12: 80 | BY12: 2759 | BZ12: 2207 | CA12: 78 | CB12: 2767 | CC12: 2158 | CD12: 0 | CE12: 0 | CF12: 0 | CG12: 2 | CH12: 2425 | CI12: 49 | CJ12: 153 | CK12: 2815 | CL12: 83 | CM12: 1690 | CN12: 1403 | CO12: 70 | CP12: 2017 | CQ12: 1412 | CR12: 66 | CS12: 2005 | CT12: 1323 | CU12: 0 | CV12: 0 | CW12: 0 | CX12: 4 | CY12: 2215 | CZ12: 89 | DA12: 202 | DB12: 4427 | DC12: 100 | DD12: 1664 | DE12: 1664 | DF12: 102 | DG12: 2709 | DH12: 2763 | DI12: 101 | DJ12: 2714 | DK12: 2741 | DL12: 0 | DM12: 0 | DN12: 0 | DO12: 1 | DP12: 2200 | DQ12: 22 | DR12: 182 | DS12: 4226 | DT12: 90 | DU12: 1649 | DV12: 1484 | DW12: 92 | DX12: 2980 | DY12: 2742 | DZ12: 92 | EA12: 2981 | EB12: 2742 | EC12: 0 | ED12: 0 | EE12: 0 | EF12: 0 | EG12: 0 | EH12: 0 | EI12: 230 | EJ12: 4848 | EK12: 115 | EL12: 1539 | EM12: 1770 | EN12: 115 | EO12: 2677 | EP12: 3078 | EQ12: 108 | ER12: 2716 | ES12: 2933 | ET12: 0 | EU12: 0 | EV12: 0 | EW12: 7 | EX12: 2077 | EY12: 145 | EZ12: 200 | FA12: 4528 | FB12: 108 | FC12: 1567 | FD12: 1692 | FE12: 92 | FF12: 3083 | FG12: 2836 | FH12: 92 | FI12: 3082 | FJ12: 2836 | FK12: 0 | FL12: 0 | FM12: 0 | FN12: 0 | FO12: 0 | FP12: 0 | FQ12: 152 | FR12: 3110 | FS12: 95 | FT12: 1543 | FU12: 1466 | FV12: 57 | FW12: 2884 | FX12: 1644 | FY12: 57 | FZ12: 2885 | GA12: 1644 | GB12: 0 | GC12: 0 | GD12: 0 | GE12: 0 | GF12: 0 | GG12: 0 | GH12: 159 | GI12: 3103 | GJ12: 94 | GK12: 1505 | GL12: 1415 | GM12: 65 | GN12: 2597 | GO12: 1688 | GP12: 64 | GQ12: 2605 | GR12: 1667 | GS12: 0 | GT12: 0 | GU12: 0 | GV12: 1 | GW12: 2053 | GX12: 21 | GY12: 177 | GZ12: 3515 | HA12: 111 | HB12: 1828 | HC12: 2025 | HD12: 66 | HE12: 2261 | HF12: 1490 | HG12: 63 | HH12: 2296 | HI12: 1449 | HJ12: 0 | HK12: 0 | HL12: 0 | HM12: 3 | HN12: 1445 | HO12: 41 | HP12: 216 | HQ12: 3163 | HR12: 119 | HS12: 563 | HT12: 670 | HU12: 97 | HV12: 2580 | HW12: 2493 | HX12: 94 | HY12: 2617 | HZ12: 2472 | IA12: 0 | IB12: 0 | IC12: 0 | ID12: 2 | IE12: 975 | IF12: 21 | IG12: 227 | IH12: 3010 | II12: 107 | IJ12: 563 | IK12: 604 | IL12: 119 | IM12: 2019 | IN12: 2406 | IO12: 118 | IP12: 2027 | IQ12: 2397 | IR12: 0 | IS12: 0 | IT12: 0 | IU12: 1 | IV12: 952 | IW12: 9 | IX12: 197 | IY12: 2108 | IZ12: 129 | JA12: 565 | JB12: 728 | JC12: 69 | JD12: 2012 | JE12: 1380 | JF12: 67 | JG12: 2033 | JH12: 1368 | JI12: 0 | JJ12: 0 | JK12: 0 | JL12: 1 | JM12: 951 | JN12: 12 | JO12: 241 | JP12: 3682 | JQ12: 156 | JR12: 975 | JS12: 1522 | JT12: 85 | JU12: 2538 | JV12: 2160 | JW12: 69 | JX12: 2881 | JY12: 2002 | JZ12: 0 | KA12: 0 | KB12: 0 | KC12: 16 | KD12: 1010 | KE12: 158 | KF12: 250 | KG12: 3475 | KH12: 149 | KI12: 919 | KJ12: 1365 | KK12: 102 | KL12: 2073 | KM12: 2110 | KN12: 88 | KO12: 2242 | KP12: 1962 | KQ12: 0 | KR12: 0 | KS12: 0 | KT12: 14 | KU12: 1036 | KV12: 148 | KW12: 206 | KX12: 2564 | KY12: 130 | KZ12: 536 | LA12: 696 | LB12: 77 | LC12: 2442 | LD12: 1868 | LE12: 73 | LF12: 2509 | LG12: 1838 | LH12: 0 | LI12: 0 | LJ12: 0 | LK12: 3 | LL12: 924 | LM12: 30 | LN12: 185 | LO12: 2744 | LP12: 102 | LQ12: 590 | LR12: 603 | LS12: 83 | LT12: 2579 | LU12: 2141 | LV12: 77 | LW12: 2720 | LX12: 2091 | LY12: - | LZ12: - | MA12: - | MB12: 6 | MC12: 822 | MD12: 50 | ME12: - | MF12: - | MG12: - | MH12: - | MI12: - | MJ12: - | MK12: - | ML12: - | MM12: 95 | MN12: 2972 | MO12: 2835 | MP12: - | MQ12: - | MR12: - | MS12: - | MT12: - | MU12: - | MV12: - | MW12: - | MX12: - | MY12: - | MZ12: - | NA12: - | NB12: - | NC12: - | ND12: 87 | NE12: 2354 | NF12: 2058 | NG12: - | NH12: - | NI12: - | NJ12: - | NK12: - | NL12: -
A13: 세종특별자치시 | B13: 소계 | C13: - | D13: - | E13: - | F13: - | G13: - | H13: - | I13: - | J13: - | K13: - | L13: - | M13: - | N13: - | O13: - | P13: - | Q13: - | R13: - | S13: - | T13: - | U13: - | V13: - | W13: - | X13: - | Y13: - | Z13: - | AA13: - | AB13: - | AC13: - | AD13: - | AE13: - | AF13: - | AG13: - | AH13: - | AI13: - | AJ13: - | AK13: - | AL13: - | AM13: - | AN13: - | AO13: - | AP13: - | AQ13: - | AR13: - | AS13: - | AT13: - | AU13: - | AV13: - | AW13: - | AX13: - | AY13: - | AZ13: - | BA13: - | BB13: - | BC13: - | BD13: - | BE13: - | BF13: - | BG13: - | BH13: - | BI13: - | BJ13: - | BK13: - | BL13: - | BM13: - | BN13: - | BO13: - | BP13: - | BQ13: - | BR13: - | BS13: - | BT13: - | BU13: - | BV13: - | BW13: - | BX13: - | BY13: - | BZ13: - | CA13: - | CB13: - | CC13: - | CD13: - | CE13: - | CF13: - | CG13: - | CH13: - | CI13: - | CJ13: - | CK13: - | CL13: - | CM13: - | CN13: - | CO13: - | CP13: - | CQ13: - | CR13: - | CS13: - | CT13: - | CU13: - | CV13: - | CW13: - | CX13: - | CY13: - | CZ13: - | DA13: - | DB13: - | DC13: - | DD13: - | DE13: - | DF13: - | DG13: - | DH13: - | DI13: - | DJ13: - | DK13: - | DL13: - | DM13: - | DN13: - | DO13: - | DP13: - | DQ13: - | DR13: - | DS13: - | DT13: - | DU13: - | DV13: - | DW13: - | DX13: - | DY13: - | DZ13: - | EA13: - | EB13: - | EC13: - | ED13: - | EE13: - | EF13: - | EG13: - | EH13: - | EI13: - | EJ13: - | EK13: - | EL13: - | EM13: - | EN13: - | EO13: - | EP13: - | EQ13: - | ER13: - | ES13: - | ET13: - | EU13: - | EV13: - | EW13: - | EX13: - | EY13: - | EZ13: - | FA13: - | FB13: - | FC13: - | FD13: - | FE13: - | FF13: - | FG13: - | FH13: - | FI13: - | FJ13: - | FK13: - | FL13: - | FM13: - | FN13: - | FO13: - | FP13: - | FQ13: - | FR13: - | FS13: - | FT13: - | FU13: - | FV13: - | FW13: - | FX13: - | FY13: - | FZ13: - | GA13: - | GB13: - | GC13: - | GD13: - | GE13: - | GF13: - | GG13: - | GH13: 157 | GI13: 2618 | GJ13: 106 | GK13: 1331 | GL13: 1411 | GM13: 51 | GN13: 2367 | GO13: 1207 | GP13: 51 | GQ13: 2366 | GR13: 1207 | GS13: 0 | GT13: 0 | GU13: 0 | GV13: 0 | GW13: 0 | GX13: 0 | GY13: 145 | GZ13: 2120 | HA13: 89 | HB13: 1163 | HC13: 1039 | HD13: 55 | HE13: 1950 | HF13: 1081 | HG13: 47 | HH13: 2128 | HI13: 993 | HJ13: 0 | HK13: 0 | HL13: 0 | HM13: 9 | HN13: 1000 | HO13: 88 | HP13: 101 | HQ13: 1582 | HR13: 70 | HS13: 1146 | HT13: 797 | HU13: 32 | HV13: 2485 | HW13: 785 | HX13: 31 | HY13: 2506 | HZ13: 781 | IA13: 0 | IB13: 0 | IC13: 0 | ID13: 0 | IE13: 1052 | IF13: 4 | IG13: 112 | IH13: 1679 | II13: 61 | IJ13: 945 | IK13: 580 | IL13: 50 | IM13: 2183 | IN13: 1099 | IO13: 49 | IP13: 2208 | IQ13: 1091 | IR13: 0 | IS13: 0 | IT13: 0 | IU13: 1 | IV13: 887 | IW13: 8 | IX13: 136 | IY13: 1804 | IZ13: 63 | JA13: 984 | JB13: 617 | JC13: 73 | JD13: 1617 | JE13: 1187 | JF13: 47 | JG13: 1759 | JH13: 821 | JI13: 0 | JJ13: 0 | JK13: 0 | JL13: 27 | JM13: 1370 | JN13: 366 | JO13: 129 | JP13: 1596 | JQ13: 77 | JR13: 561 | JS13: 432 | JT13: 52 | JU13: 2220 | JV13: 1164 | JW13: 52 | JX13: 2220 | JY13: 1164 | JZ13: 0 | KA13: 0 | KB13: 0 | KC13: 0 | KD13: 0 | KE13: 0 | KF13: 106 | KG13: 1159 | KH13: 66 | KI13: 575 | KJ13: 377 | KK13: 40 | KL13: 1940 | KM13: 782 | KN13: 39 | KO13: 1962 | KP13: 774 | KQ13: 0 | KR13: 0 | KS13: 0 | KT13: 1 | KU13: 958 | KV13: 8 | KW13: 92 | KX13: 1127 | KY13: 56 | KZ13: 902 | LA13: 508 | LB13: 36 | LC13: 1743 | LD13: 619 | LE13: 35 | LF13: 1744 | LG13: 619 | LH13: 0 | LI13: 0 | LJ13: 0 | LK13: 0 | LL13: 1017 | LM13: 0 | LN13: 82 | LO13: 1446 | LP13: 52 | LQ13: 1429 | LR13: 740 | LS13: 30 | LT13: 2325 | LU13: 706 | LV13: 30 | LW13: 2340 | LX13: 697 | LY13: - | LZ13: - | MA13: - | MB13: 1 | MC13: 1593 | MD13: 9 | ME13: - | MF13: - | MG13: - | MH13: - | MI13: - | MJ13: - | MK13: - | ML13: - | MM13: 67 | MN13: 3114 | MO13: 2080 | MP13: - | MQ13: - | MR13: - | MS13: - | MT13: - | MU13: - | MV13: - | MW13: - | MX13: - | MY13: - | MZ13: - | NA13: - | NB13: - | NC13: - | ND13: 44 | NE13: 1877 | NF13: 834 | NG13: - | NH13: - | NI13: - | NJ13: - | NK13: - | NL13: -
A14: 경기도 | B14: 소계 | C14: 5047 | D14: 92010 | E14: 3683 | F14: 1590 | G14: 58560 | H14: 1364 | I14: 2452 | J14: 33450 | K14: 1328 | L14: 2456 | M14: 32616 | N14: 0 | O14: 0 | P14: 0 | Q14: 36 | R14: 2317 | S14: 834 | T14: 4382 | U14: 85112 | V14: 3395 | W14: 1684 | X14: 57172 | Y14: 987 | Z14: 2831 | AA14: 27940 | AB14: 974 | AC14: 2831 | AD14: 27572 | AE14: 0 | AF14: 0 | AG14: 0 | AH14: 13 | AI14: 2831 | AJ14: 368 | AK14: 5060 | AL14: 95656 | AM14: 4016 | AN14: 1684 | AO14: 67629 | AP14: 1044 | AQ14: 2685 | AR14: 28027 | AS14: 1026 | AT14: 2685 | AU14: 27544 | AV14: 0 | AW14: 0 | AX14: 0 | AY14: 18 | AZ14: 2683 | BA14: 483 | BB14: 4671 | BC14: 95482 | BD14: 3547 | BE14: 1782 | BF14: 63208 | BG14: 1124 | BH14: 2871 | BI14: 32274 | BJ14: 1086 | BK14: 2872 | BL14: 31187 | BM14: 0 | BN14: 0 | BO14: 0 | BP14: 38 | BQ14: 2861 | BR14: 1087 | BS14: 4770 | BT14: 92872 | BU14: 3565 | BV14: 1628 | BW14: 58038 | BX14: 1205 | BY14: 2891 | BZ14: 34834 | CA14: 1170 | CB14: 2899 | CC14: 33915 | CD14: 0 | CE14: 0 | CF14: 0 | CG14: 35 | CH14: 2626 | CI14: 919 | CJ14: 4863 | CK14: 88675 | CL14: 3358 | CM14: 1429 | CN14: 47986 | CO14: 1505 | CP14: 2704 | CQ14: 40689 | CR14: 1419 | CS14: 2731 | CT14: 38751 | CU14: 0 | CV14: 0 | CW14: 0 | CX14: 86 | CY14: 2253 | CZ14: 1938 | DA14: 4661 | DB14: 80906 | DC14: 2917 | DD14: 1415 | DE14: 41276 | DF14: 1744 | DG14: 2272 | DH14: 39630 | DI14: 1727 | DJ14: 2273 | DK14: 39254 | DL14: 0 | DM14: 0 | DN14: 0 | DO14: 17 | DP14: 2214 | DQ14: 376 | DR14: 5367 | DS14: 86382 | DT14: 3593 | DU14: 1414 | DV14: 50805 | DW14: 1774 | DX14: 2005 | DY14: 35577 | DZ14: 1725 | EA14: 2004 | EB14: 34574 | EC14: 0 | ED14: 0 | EE14: 0 | EF14: 49 | EG14: 2046 | EH14: 1003 | EI14: 5777 | EJ14: 108842 | EK14: 3594 | EL14: 1425 | EM14: 51215 | EN14: 2183 | EO14: 2640 | EP14: 57627 | EQ14: 2140 | ER14: 2650 | ES14: 56714 | ET14: 0 | EU14: 0 | EV14: 0 | EW14: 43 | EX14: 2123 | EY14: 913 | EZ14: 4982 | FA14: 95339 | FB14: 3284 | FC14: 1420 | FD14: 46633 | FE14: 1698 | FF14: 2868 | FG14: 48706 | FH14: 1671 | FI14: 2888 | FJ14: 48256 | FK14: 0 | FL14: 0 | FM14: 0 | FN14: 27 | FO14: 1666 | FP14: 450 | FQ14: 4703 | FR14: 85315 | FS14: 2952 | FT14: 1571 | FU14: 46376 | FV14: 1751 | FW14: 2224 | FX14: 38939 | FY14: 1722 | FZ14: 2226 | GA14: 38338 | GB14: 0 | GC14: 0 | GD14: 0 | GE14: 29 | GF14: 2073 | GG14: 601 | GH14: 5745 | GI14: 108355 | GJ14: 3827 | GK14: 1392 | GL14: 53272 | GM14: 1918 | GN14: 2872 | GO14: 55083 | GP14: 1869 | GQ14: 2908 | GR14: 54358 | GS14: 0 | GT14: 0 | GU14: 0 | GV14: 49 | GW14: 1479 | GX14: 725 | GY14: 5692 | GZ14: 86893 | HA14: 3881 | HB14: 1210 | HC14: 46966 | HD14: 1811 | HE14: 2205 | HF14: 39927 | HG14: 1765 | HH14: 2216 | HI14: 39117 | HJ14: 0 | HK14: 0 | HL14: 0 | HM14: 46 | HN14: 1771 | HO14: 810 | HP14: 5545 | HQ14: 92998 | HR14: 3712 | HS14: 1312 | HT14: 48705 | HU14: 1833 | HV14: 2417 | HW14: 44293 | HX14: 1764 | HY14: 2454 | HZ14: 43299 | IA14: 0 | IB14: 0 | IC14: 0 | ID14: 68 | IE14: 1458 | IF14: 994 | IG14: 5838 | IH14: 106824 | II14: 3714 | IJ14: 1455 | IK14: 54035 | IL14: 2124 | IM14: 2485 | IN14: 52789 | IO14: 2005 | IP14: 2560 | IQ14: 51317 | IR14: 0 | IS14: 0 | IT14: 0 | IU14: 120 | IV14: 1229 | IW14: 1472 | IX14: 5277 | IY14: 87694 | IZ14: 3586 | JA14: 1290 | JB14: 46264 | JC14: 1691 | JD14: 2450 | JE14: 41430 | JF14: 1641 | JG14: 2485 | JH14: 40759 | JI14: 0 | JJ14: 0 | JK14: 0 | JL14: 51 | JM14: 1327 | JN14: 671 | JO14: 4834 | JP14: 86113 | JQ14: 3282 | JR14: 1282 | JS14: 42080 | JT14: 1552 | JU14: 2838 | JV14: 44033 | JW14: 1496 | JX14: 2889 | JY14: 43229 | JZ14: 0 | KA14: 0 | KB14: 0 | KC14: 55 | KD14: 1455 | KE14: 804 | KF14: 4486 | KG14: 86322 | KH14: 3101 | KI14: 1648 | KJ14: 51096 | KK14: 1386 | KL14: 2542 | KM14: 35226 | KN14: 1359 | KO14: 2571 | KP14: 34933 | KQ14: 0 | KR14: 0 | KS14: 0 | KT14: 27 | KU14: 1089 | KV14: 293 | KW14: 3528 | KX14: 66731 | KY14: 2285 | KZ14: 1407 | LA14: 32151 | LB14: 1244 | LC14: 2781 | LD14: 34580 | LE14: 1213 | LF14: 2776 | LG14: 33660 | LH14: 0 | LI14: 0 | LJ14: 0 | LK14: 31 | LL14: 2982 | LM14: 920 | LN14: 3776 | LO14: 74386 | LP14: 2279 | LQ14: 1490 | LR14: 33952 | LS14: 1496 | LT14: 2702 | LU14: 40434 | LV14: 1473 | LW14: 2725 | LX14: 40141 | LY14: - | LZ14: - | MA14: - | MB14: 23 | MC14: 1251 | MD14: 293 | ME14: - | MF14: - | MG14: - | MH14: - | MI14: - | MJ14: - | MK14: - | ML14: - | MM14: 1378 | MN14: 2352 | MO14: 32393 | MP14: - | MQ14: - | MR14: - | MS14: - | MT14: - | MU14: - | MV14: - | MW14: - | MX14: - | MY14: - | MZ14: - | NA14: - | NB14: - | NC14: - | ND14: 1466 | NE14: 2665 | NF14: 39064 | NG14: - | NH14: - | NI14: - | NJ14: - | NK14: - | NL14: -
A15: 강원특별자치도 | B15: 소계 | C15: 7430 | D15: 235318 | E15: 507 | F15: 1853 | G15: 9395 | H15: 6923 | I15: 3263 | J15: 225923 | K15: 2573 | L15: 2830 | M15: 72816 | N15: 4290 | O15: 3534 | P15: 151609 | Q15: 60 | R15: 2497 | S15: 1498 | T15: 6741 | U15: 167703 | V15: 527 | W15: 1744 | X15: 9191 | Y15: 6214 | Z15: 2551 | AA15: 158512 | AB15: 2210 | AC15: 2799 | AD15: 61864 | AE15: 3951 | AF15: 2410 | AG15: 95232 | AH15: 53 | AI15: 2672 | AJ15: 1416 | AK15: 5678 | AL15: 179694 | AM15: 628 | AN15: 1737 | AO15: 10908 | AP15: 5050 | AQ15: 3342 | AR15: 168786 | AS15: 1872 | AT15: 3050 | AU15: 57100 | AV15: 3153 | AW15: 3522 | AX15: 111043 | AY15: 25 | AZ15: 2572 | BA15: 643 | BB15: 5696 | BC15: 193074 | BD15: 583 | BE15: 1755 | BF15: 10232 | BG15: 5113 | BH15: 3576 | BI15: 182842 | BJ15: 1787 | BK15: 3417 | BL15: 61062 | BM15: 3302 | BN15: 3663 | BO15: 120960 | BP15: 24 | BQ15: 3417 | BR15: 820 | BS15: 5568 | BT15: 181244 | BU15: 579 | BV15: 1732 | BW15: 10028 | BX15: 4989 | BY15: 3432 | BZ15: 171216 | CA15: 1678 | CB15: 3319 | CC15: 55699 | CD15: 3283 | CE15: 3492 | CF15: 114631 | CG15: 28 | CH15: 3165 | CI15: 886 | CJ15: 6059 | CK15: 194105 | CL15: 477 | CM15: 1542 | CN15: 7355 | CO15: 5582 | CP15: 3346 | CQ15: 186750 | CR15: 1793 | CS15: 2672 | CT15: 47907 | CU15: 3741 | CV15: 3689 | CW15: 138022 | CX15: 48 | CY15: 1710 | CZ15: 821 | DA15: 6332 | DB15: 155244 | DC15: 516 | DD15: 1496 | DE15: 7719 | DF15: 5816 | DG15: 2537 | DH15: 147525 | DI15: 2071 | DJ15: 2600 | DK15: 53841 | DL15: 3724 | DM15: 2507 | DN15: 93349 | DO15: 21 | DP15: 1593 | DQ15: 335 | DR15: 6231 | DS15: 196572 | DT15: 491 | DU15: 1476 | DV15: 7247 | DW15: 5740 | DX15: 3298 | DY15: 189325 | DZ15: 1947 | EA15: 3252 | EB15: 63322 | EC15: 3741 | ED15: 3343 | EE15: 125077 | EF15: 52 | EG15: 1781 | EH15: 926 | EI15: 6825 | EJ15: 191441 | EK15: 576 | EL15: 1486 | EM15: 8559 | EN15: 6249 | EO15: 2927 | EP15: 182882 | EQ15: 2548 | ER15: 2883 | ES15: 73465 | ET15: 3665 | EU15: 2962 | EV15: 108562 | EW15: 36 | EX15: 2375 | EY15: 855 | EZ15: 5274 | FA15: 167404 | FB15: 516 | FC15: 1511 | FD15: 7797 | FE15: 4758 | FF15: 3354 | FG15: 159607 | FH15: 1802 | FI15: 2881 | FJ15: 51919 | FK15: 2926 | FL15: 3655 | FM15: 106947 | FN15: 30 | FO15: 2470 | FP15: 741 | FQ15: 5684 | FR15: 184661 | FS15: 514 | FT15: 1486 | FU15: 7638 | FV15: 5170 | FW15: 3424 | FX15: 177023 | FY15: 1781 | FZ15: 2562 | GA15: 45629 | GB15: 3373 | GC15: 3885 | GD15: 131025 | GE15: 16 | GF15: 2305 | GG15: 369 | GH15: 5574 | GI15: 175848 | GJ15: 437 | GK15: 2529 | GL15: 11052 | GM15: 5137 | GN15: 3208 | GO15: 164796 | GP15: 1586 | GQ15: 2764 | GR15: 43835 | GS15: 3518 | GT15: 3421 | GU15: 120345 | GV15: 33 | GW15: 1866 | GX15: 616 | GY15: 5410 | GZ15: 146091 | HA15: 519 | HB15: 1511 | HC15: 7842 | HD15: 4891 | HE15: 2826 | HF15: 138249 | HG15: 1639 | HH15: 2386 | HI15: 39125 | HJ15: 3228 | HK15: 3056 | HL15: 98639 | HM15: 24 | HN15: 2023 | HO15: 485 | HP15: 5614 | HQ15: 147361 | HR15: 466 | HS15: 1554 | HT15: 7240 | HU15: 5148 | HV15: 2722 | HW15: 140121 | HX15: 1666 | HY15: 2865 | HZ15: 47731 | IA15: 3427 | IB15: 2664 | IC15: 91277 | ID15: 55 | IE15: 2017 | IF15: 1113 | IG15: 6476 | IH15: 206375 | II15: 563 | IJ15: 1282 | IK15: 7218 | IL15: 5913 | IM15: 3368 | IN15: 199157 | IO15: 2103 | IP15: 2851 | IQ15: 59973 | IR15: 3761 | IS15: 3679 | IT15: 138378 | IU15: 49 | IV15: 1635 | IW15: 805 | IX15: 5804 | IY15: 173552 | IZ15: 551 | JA15: 1425 | JB15: 7850 | JC15: 5253 | JD15: 3154 | JE15: 165702 | JF15: 1828 | JG15: 2496 | JH15: 45619 | JI15: 3361 | JJ15: 3528 | JK15: 118595 | JL15: 64 | JM15: 2331 | JN15: 1488 | JO15: 6246 | JP15: 181066 | JQ15: 531 | JR15: 1543 | JS15: 8197 | JT15: 5715 | JU15: 3025 | JV15: 172869 | JW15: 1816 | JX15: 3009 | JY15: 54629 | JZ15: 3877 | KA15: 3037 | KB15: 117739 | KC15: 23 | KD15: 2183 | KE15: 502 | KF15: 5678 | KG15: 178257 | KH15: 497 | KI15: 1259 | KJ15: 6253 | KK15: 5181 | KL15: 3320 | KM15: 172004 | KN15: 1656 | KO15: 2835 | KP15: 46947 | KQ15: 3491 | KR15: 3562 | KS15: 124356 | KT15: 34 | KU15: 2053 | KV15: 701 | KW15: 6115 | KX15: 188123 | KY15: 439 | KZ15: 1569 | LA15: 6880 | LB15: 5676 | LC15: 3193 | LD15: 181243 | LE15: 1811 | LF15: 2980 | LG15: 53969 | LH15: 3832 | LI15: 3304 | LJ15: 126593 | LK15: 34 | LL15: 2030 | LM15: 681 | LN15: 6160 | LO15: 182408 | LP15: 451 | LQ15: 1604 | LR15: 7230 | LS15: 5709 | LT15: 3068 | LU15: 175178 | LV15: 1728 | LW15: 2765 | LX15: 47790 | LY15: 3922 | LZ15: 3218 | MA15: 126202 | MB15: 59 | MC15: 2013 | MD15: 1186 | ME15: - | MF15: - | MG15: - | MH15: - | MI15: - | MJ15: - | MK15: - | ML15: - | MM15: 1750 | MN15: 2761 | MO15: 48299 | MP15: 3600 | MQ15: 3171 | MR15: 114145 | MS15: - | MT15: - | MU15: - | MV15: - | MW15: - | MX15: - | MY15: - | MZ15: - | NA15: - | NB15: - | NC15: - | ND15: 2023 | NE15: 2777 | NF15: 56190 | NG15: - | NH15: - | NI15: - | NJ15: - | NK15: - | NL15: -
A16: 충청북도 | B16: 소계 | C16: 2565 | D16: 64923 | E16: 836 | F16: 1794 | G16: 14998 | H16: 1729 | I16: 2888 | J16: 49925 | K16: 1640 | L16: 2890 | M16: 47396 | N16: 0 | O16: 0 | P16: 0 | Q16: 89 | R16: 2842 | S16: 2529 | T16: 2019 | U16: 47079 | V16: 828 | W16: 1822 | X16: 15086 | Y16: 1191 | Z16: 2686 | AA16: 31993 | AB16: 1170 | AC16: 2686 | AD16: 31429 | AE16: 0 | AF16: 0 | AG16: 0 | AH16: 21 | AI16: 2686 | AJ16: 564 | AK16: 2199 | AL16: 44018 | AM16: 1160 | AN16: 1590 | AO16: 18444 | AP16: 1039 | AQ16: 2461 | AR16: 25574 | AS16: 1030 | AT16: 2462 | AU16: 25354 | AV16: 0 | AW16: 0 | AX16: 0 | AY16: 9 | AZ16: 2444 | BA16: 220 | BB16: 2419 | BC16: 50150 | BD16: 1240 | BE16: 1694 | BF16: 21006 | BG16: 1179 | BH16: 2472 | BI16: 29144 | BJ16: 1164 | BK16: 2473 | BL16: 28781 | BM16: 0 | BN16: 0 | BO16: 0 | BP16: 15 | BQ16: 2420 | BR16: 363 | BS16: 2670 | BT16: 62871 | BU16: 1351 | BV16: 1819 | BW16: 24575 | BX16: 1319 | BY16: 2903 | BZ16: 38296 | CA16: 1308 | CB16: 2909 | CC16: 38049 | CD16: 0 | CE16: 0 | CF16: 0 | CG16: 11 | CH16: 2248 | CI16: 247 | CJ16: 3125 | CK16: 61216 | CL16: 1435 | CM16: 1550 | CN16: 22243 | CO16: 1690 | CP16: 2306 | CQ16: 38973 | CR16: 1673 | CS16: 2309 | CT16: 38626 | CU16: 0 | CV16: 0 | CW16: 0 | CX16: 17 | CY16: 2040 | CZ16: 347 | DA16: 3402 | DB16: 76756 | DC16: 1264 | DD16: 1497 | DE16: 18922 | DF16: 2138 | DG16: 2705 | DH16: 57834 | DI16: 2102 | DJ16: 2720 | DK16: 57164 | DL16: 0 | DM16: 0 | DN16: 0 | DO16: 36 | DP16: 1861 | DQ16: 670 | DR16: 3401 | DS16: 60623 | DT16: 1685 | DU16: 1422 | DV16: 23961 | DW16: 1716 | DX16: 2136 | DY16: 36662 | DZ16: 1679 | EA16: 2150 | EB16: 36107 | EC16: 0 | ED16: 0 | EE16: 0 | EF16: 37 | EG16: 1499 | EH16: 555 | EI16: 3747 | EJ16: 83596 | EK16: 1615 | EL16: 1506 | EM16: 24322 | EN16: 2132 | EO16: 2780 | EP16: 59274 | EQ16: 2080 | ER16: 2811 | ES16: 58475 | ET16: 0 | EU16: 0 | EV16: 0 | EW16: 52 | EX16: 1537 | EY16: 799 | EZ16: 3019 | FA16: 61305 | FB16: 1416 | FC16: 1504 | FD16: 21297 | FE16: 1603 | FF16: 2496 | FG16: 40008 | FH16: 1494 | FI16: 2564 | FJ16: 38301 | FK16: 0 | FL16: 0 | FM16: 0 | FN16: 109 | FO16: 1566 | FP16: 1707 | FQ16: 2328 | FR16: 43145 | FS16: 1286 | FT16: 1547 | FU16: 19894 | FV16: 1042 | FW16: 2231 | FX16: 23251 | FY16: 1024 | FZ16: 2243 | GA16: 22968 | GB16: 0 | GC16: 0 | GD16: 0 | GE16: 18 | GF16: 1572 | GG16: 283 | GH16: 2900 | GI16: 55894 | GJ16: 1696 | GK16: 1532 | GL16: 25983 | GM16: 1204 | GN16: 2484 | GO16: 29911 | GP16: 1080 | GQ16: 2573 | GR16: 27787 | GS16: 0 | GT16: 0 | GU16: 0 | GV16: 124 | GW16: 1713 | GX16: 2124 | GY16: 2783 | GZ16: 48137 | HA16: 1571 | HB16: 1506 | HC16: 23664 | HD16: 1212 | HE16: 2019 | HF16: 24473 | HG16: 1146 | HH16: 2037 | HI16: 23338 | HJ16: 0 | HK16: 0 | HL16: 0 | HM16: 66 | HN16: 1720 | HO16: 1135 | HP16: 2882 | HQ16: 50449 | HR16: 1515 | HS16: 1251 | HT16: 18951 | HU16: 1367 | HV16: 2304 | HW16: 31498 | HX16: 1273 | HY16: 2355 | HZ16: 29974 | IA16: 0 | IB16: 0 | IC16: 0 | ID16: 95 | IE16: 1608 | IF16: 1524 | IG16: 3069 | IH16: 53827 | II16: 1602 | IJ16: 1206 | IK16: 19320 | IL16: 1467 | IM16: 2352 | IN16: 34507 | IO16: 1346 | IP16: 2430 | IQ16: 32716 | IR16: 0 | IS16: 0 | IT16: 0 | IU16: 121 | IV16: 1477 | IW16: 1791 | IX16: 2945 | IY16: 48776 | IZ16: 1663 | JA16: 1144 | JB16: 19025 | JC16: 1282 | JD16: 2322 | JE16: 29751 | JF16: 1270 | JG16: 2330 | JH16: 29582 | JI16: 0 | JJ16: 0 | JK16: 0 | JL16: 12 | JM16: 1439 | JN16: 169 | JO16: 2712 | JP16: 45314 | JQ16: 1686 | JR16: 1150 | JS16: 19393 | JT16: 1026 | JU16: 2527 | JV16: 25921 | JW16: 1006 | JX16: 2548 | JY16: 25632 | JZ16: 0 | KA16: 0 | KB16: 0 | KC16: 20 | KD16: 1463 | KE16: 289 | KF16: 2274 | KG16: 36014 | KH16: 1425 | KI16: 1180 | KJ16: 16806 | KK16: 850 | KL16: 2261 | KM16: 19208 | KN16: 845 | KO16: 2265 | KP16: 19145 | KQ16: 0 | KR16: 0 | KS16: 0 | KT16: 4 | KU16: 1512 | KV16: 63 | KW16: 2431 | KX16: 43228 | KY16: 1181 | KZ16: 1098 | LA16: 12964 | LB16: 1250 | LC16: 2421 | LD16: 30264 | LE16: 1230 | LF16: 2438 | LG16: 29979 | LH16: 0 | LI16: 0 | LJ16: 0 | LK16: 20 | LL16: 1404 | LM16: 285 | LN16: 2509 | LO16: 51798 | LP16: 1174 | LQ16: 1356 | LR16: 15915 | LS16: 1335 | LT16: 2687 | LU16: 35883 | LV16: 1312 | LW16: 2709 | LX16: 35532 | LY16: - | LZ16: - | MA16: - | MB16: 24 | MC16: 1494 | MD16: 351 | ME16: - | MF16: - | MG16: - | MH16: - | MI16: - | MJ16: - | MK16: - | ML16: - | MM16: 1127 | MN16: 2469 | MO16: 27838 | MP16: - | MQ16: - | MR16: - | MS16: - | MT16: - | MU16: - | MV16: - | MW16: - | MX16: - | MY16: - | MZ16: - | NA16: - | NB16: - | NC16: - | ND16: 1012 | NE16: 2135 | NF16: 21600 | NG16: - | NH16: - | NI16: - | NJ16: - | NK16: - | NL16: -
A17: 충청남도 | B17: 소계 | C17: 4073 | D17: 94150 | E17: 1944 | F17: 1532 | G17: 29782 | H17: 2129 | I17: 3023 | J17: 64368 | K17: 1970 | L17: 3039 | M17: 59868 | N17: 0 | O17: 0 | P17: 0 | Q17: 159 | R17: 2830 | S17: 4500 | T17: 3574 | U17: 80145 | V17: 1859 | W17: 1554 | X17: 28889 | Y17: 1715 | Z17: 2989 | AA17: 51256 | AB17: 1641 | AC17: 3012 | AD17: 49426 | AE17: 0 | AF17: 0 | AG17: 0 | AH17: 74 | AI17: 2473 | AJ17: 1830 | AK17: 4725 | AL17: 99003 | AM17: 2958 | AN17: 1573 | AO17: 46529 | AP17: 1767 | AQ17: 2970 | AR17: 52474 | AS17: 1611 | AT17: 2982 | AU17: 48039 | AV17: 1 | AW17: 3522 | AX17: 35 | AY17: 155 | AZ17: 2839 | BA17: 4400 | BB17: 4580 | BC17: 98943 | BD17: 2967 | BE17: 1687 | BF17: 50053 | BG17: 1613 | BH17: 3031 | BI17: 48890 | BJ17: 1495 | BK17: 3043 | BL17: 45497 | BM17: 0 | BN17: 0 | BO17: 0 | BP17: 118 | BQ17: 2875 | BR17: 3393 | BS17: 5192 | BT17: 109292 | BU17: 2888 | BV17: 1765 | BW17: 50973 | BX17: 2304 | BY17: 2531 | BZ17: 58319 | CA17: 2104 | CB17: 2536 | CC17: 53361 | CD17: 0 | CE17: 0 | CF17: 0 | CG17: 200 | CH17: 2479 | CI17: 4958 | CJ17: 5365 | CK17: 111731 | CL17: 2342 | CM17: 1521 | CN17: 35622 | CO17: 3023 | CP17: 2518 | CQ17: 76109 | CR17: 2490 | CS17: 2639 | CT17: 65721 | CU17: 0 | CV17: 0 | CW17: 0 | CX17: 533 | CY17: 1949 | CZ17: 10388 | DA17: 5410 | DB17: 90831 | DC17: 2361 | DD17: 1054 | DE17: 24885 | DF17: 3049 | DG17: 2163 | DH17: 65946 | DI17: 2870 | DJ17: 2183 | DK17: 62642 | DL17: 0 | DM17: 0 | DN17: 0 | DO17: 179 | DP17: 1846 | DQ17: 3304 | DR17: 6598 | DS17: 107630 | DT17: 3394 | DU17: 1192 | DV17: 40456 | DW17: 3204 | DX17: 2097 | DY17: 67174 | DZ17: 3070 | EA17: 2116 | EB17: 64976 | EC17: 0 | ED17: 0 | EE17: 0 | EF17: 134 | EG17: 1640 | EH17: 2198 | EI17: 6044 | EJ17: 122635 | EK17: 3151 | EL17: 1491 | EM17: 46981 | EN17: 2893 | EO17: 2615 | EP17: 75654 | EQ17: 2772 | ER17: 2655 | ES17: 73608 | ET17: 0 | EU17: 0 | EV17: 0 | EW17: 121 | EX17: 1691 | EY17: 2046 | EZ17: 5680 | FA17: 119269 | FB17: 3158 | FC17: 1406 | FD17: 44401 | FE17: 2522 | FF17: 2969 | FG17: 74868 | FH17: 2329 | FI17: 3074 | FJ17: 71589 | FK17: 0 | FL17: 0 | FM17: 0 | FN17: 193 | FO17: 1699 | FP17: 3279 | FQ17: 5147 | FR17: 94129 | FS17: 2893 | FT17: 1251 | FU17: 36191 | FV17: 2254 | FW17: 2570 | FX17: 57938 | FY17: 2135 | FZ17: 2629 | GA17: 56127 | GB17: 0 | GC17: 0 | GD17: 0 | GE17: 119 | GF17: 1522 | GG17: 1811 | GH17: 5432 | GI17: 97101 | GJ17: 3507 | GK17: 1288 | GL17: 45170 | GM17: 1925 | GN17: 2698 | GO17: 51931 | GP17: 1820 | GQ17: 2759 | GR17: 50221 | GS17: 0 | GT17: 0 | GU17: 0 | GV17: 105 | GW17: 1629 | GX17: 1710 | GY17: 5572 | GZ17: 84819 | HA17: 3285 | HB17: 1242 | HC17: 40797 | HD17: 2287 | HE17: 1925 | HF17: 44022 | HG17: 2133 | HH17: 1955 | HI17: 41684 | HJ17: 0 | HK17: 0 | HL17: 0 | HM17: 155 | HN17: 1511 | HO17: 2338 | HP17: 5384 | HQ17: 89739 | HR17: 2965 | HS17: 1180 | HT17: 34984 | HU17: 2419 | HV17: 2264 | HW17: 54755 | HX17: 2210 | HY17: 2342 | HZ17: 51762 | IA17: 0 | IB17: 0 | IC17: 0 | ID17: 209 | IE17: 1435 | IF17: 2993 | IG17: 5964 | IH17: 107335 | II17: 3044 | IJ17: 1244 | IK17: 37872 | IL17: 2920 | IM17: 2379 | IN17: 69463 | IO17: 2596 | IP17: 2474 | IQ17: 64224 | IR17: 0 | IS17: 0 | IT17: 0 | IU17: 323 | IV17: 1621 | IW17: 5239 | IX17: 5323 | IY17: 91213 | IZ17: 3164 | JA17: 1285 | JB17: 40652 | JC17: 2159 | JD17: 2342 | JE17: 50561 | JF17: 2001 | JG17: 2401 | JH17: 48042 | JI17: 0 | JJ17: 0 | JK17: 0 | JL17: 158 | JM17: 1598 | JN17: 2519 | JO17: 6006 | JP17: 112877 | JQ17: 3441 | JR17: 1353 | JS17: 46563 | JT17: 2564 | JU17: 2586 | JV17: 66314 | JW17: 2363 | JX17: 2643 | JY17: 62453 | JZ17: 0 | KA17: 0 | KB17: 0 | KC17: 201 | KD17: 1917 | KE17: 3861 | KF17: 4943 | KG17: 85648 | KH17: 2674 | KI17: 1296 | KJ17: 34644 | KK17: 2269 | KL17: 2248 | KM17: 51004 | KN17: 2133 | KO17: 2279 | KP17: 48599 | KQ17: 0 | KR17: 0 | KS17: 0 | KT17: 136 | KU17: 1763 | KV17: 2405 | KW17: 5163 | KX17: 93131 | KY17: 2438 | KZ17: 1355 | LA17: 33038 | LB17: 2725 | LC17: 2205 | LD17: 60093 | LE17: 2562 | LF17: 2217 | LG17: 56790 | LH17: 0 | LI17: 0 | LJ17: 0 | LK17: 163 | LL17: 2028 | LM17: 3303 | LN17: 4930 | LO17: 99186 | LP17: 2110 | LQ17: 1401 | LR17: 29561 | LS17: 2820 | LT17: 2469 | LU17: 69625 | LV17: 2674 | LW17: 2510 | LX17: 67117 | LY17: - | LZ17: - | MA17: - | MB17: 146 | MC17: 1718 | MD17: 2508 | ME17: - | MF17: - | MG17: - | MH17: - | MI17: - | MJ17: - | MK17: - | ML17: - | MM17: 2520 | MN17: 2316 | MO17: 58363 | MP17: - | MQ17: - | MR17: - | MS17: - | MT17: - | MU17: - | MV17: - | MW17: - | MX17: - | MY17: - | MZ17: - | NA17: - | NB17: - | NC17: - | ND17: 2687 | NE17: 2294 | NF17: 61648 | NG17: - | NH17: - | NI17: - | NJ17: - | NK17: - | NL17: -
A18: 전북특별자치도 | B18: 소계 | C18: 5771 | D18: 121918 | E18: 2597 | F18: 1561 | G18: 40539 | H18: 3174 | I18: 2564 | J18: 81379 | K18: 1530 | L18: 2710 | M18: 41463 | N18: 0 | O18: 0 | P18: 0 | Q18: 1644 | R18: 2428 | S18: 39916 | T18: 4259 | U18: 93605 | V18: 2448 | W18: 1663 | X18: 40710 | Y18: 1811 | Z18: 2921 | AA18: 52895 | AB18: 959 | AC18: 3059 | AD18: 29337 | AE18: 0 | AF18: 0 | AG18: 0 | AH18: 852 | AI18: 2765 | AJ18: 23558 | AK18: 4915 | AL18: 99459 | AM18: 3045 | AN18: 1633 | AO18: 49725 | AP18: 1870 | AQ18: 2660 | AR18: 49734 | AS18: 818 | AT18: 2686 | AU18: 21972 | AV18: 0 | AW18: 0 | AX18: 0 | AY18: 1052 | AZ18: 2639 | BA18: 27762 | BB18: 5056 | BC18: 111048 | BD18: 2933 | BE18: 1666 | BF18: 48864 | BG18: 2123 | BH18: 2929 | BI18: 62184 | BJ18: 1046 | BK18: 3100 | BL18: 32426 | BM18: 0 | BN18: 0 | BO18: 0 | BP18: 1077 | BQ18: 2763 | BR18: 29758 | BS18: 5313 | BT18: 96698 | BU18: 3390 | BV18: 1558 | BW18: 52816 | BX18: 1923 | BY18: 2282 | BZ18: 43882 | CA18: 928 | CB18: 2503 | CC18: 23226 | CD18: 0 | CE18: 0 | CF18: 0 | CG18: 995 | CH18: 2076 | CI18: 20656 | CJ18: 4899 | CK18: 82859 | CL18: 2958 | CM18: 1426 | CN18: 42181 | CO18: 1941 | CP18: 2096 | CQ18: 40678 | CR18: 929 | CS18: 2598 | CT18: 24132 | CU18: 0 | CV18: 0 | CW18: 0 | CX18: 1012 | CY18: 1635 | CZ18: 16546 | DA18: 4751 | DB18: 74703 | DC18: 2797 | DD18: 1225 | DE18: 34263 | DF18: 1954 | DG18: 2070 | DH18: 40440 | DI18: 1115 | DJ18: 2280 | DK18: 25422 | DL18: 0 | DM18: 0 | DN18: 0 | DO18: 839 | DP18: 1790 | DQ18: 15018 | DR18: 5712 | DS18: 101038 | DT18: 4097 | DU18: 1650 | DV18: 67601 | DW18: 1615 | DX18: 2070 | DY18: 33437 | DZ18: 962 | EA18: 2262 | EB18: 21761 | EC18: 0 | ED18: 0 | EE18: 0 | EF18: 653 | EG18: 1788 | EH18: 11676 | EI18: 5464 | EJ18: 101305 | EK18: 3402 | EL18: 1530 | EM18: 52051 | EN18: 2062 | EO18: 2389 | EP18: 49254 | EQ18: 1523 | ER18: 2652 | ES18: 40387 | ET18: 0 | EU18: 0 | EV18: 0 | EW18: 539 | EX18: 1645 | EY18: 8867 | EZ18: 4842 | FA18: 97099 | FB18: 3125 | FC18: 1850 | FD18: 57813 | FE18: 1717 | FF18: 2288 | FG18: 39286 | FH18: 1071 | FI18: 2817 | FJ18: 30171 | FK18: 0 | FL18: 0 | FM18: 0 | FN18: 646 | FO18: 1411 | FP18: 9115 | FQ18: 4858 | FR18: 88970 | FS18: 3333 | FT18: 1698 | FU18: 56594 | FV18: 1525 | FW18: 2123 | FX18: 32376 | FY18: 867 | FZ18: 2460 | GA18: 21328 | GB18: 0 | GC18: 0 | GD18: 0 | GE18: 658 | GF18: 1679 | GG18: 11048 | GH18: 5412 | GI18: 90940 | GJ18: 3805 | GK18: 1613 | GL18: 61375 | GM18: 1607 | GN18: 1840 | GO18: 29565 | GP18: 933 | GQ18: 2375 | GR18: 22158 | GS18: 0 | GT18: 0 | GU18: 0 | GV18: 674 | GW18: 1099 | GX18: 7407 | GY18: 5193 | GZ18: 95423 | HA18: 3537 | HB18: 1814 | HC18: 64159 | HD18: 1656 | HE18: 1888 | HF18: 31264 | HG18: 955 | HH18: 1992 | HI18: 19013 | HJ18: 0 | HK18: 0 | HL18: 0 | HM18: 701 | HN18: 1747 | HO18: 12251 | HP18: 5345 | HQ18: 97478 | HR18: 3459 | HS18: 1615 | HT18: 55861 | HU18: 1886 | HV18: 2206 | HW18: 41617 | HX18: 971 | HY18: 2581 | HZ18: 25052 | IA18: 0 | IB18: 0 | IC18: 0 | ID18: 916 | IE18: 1809 | IF18: 16565 | IG18: 6153 | IH18: 115640 | II18: 3572 | IJ18: 1645 | IK18: 58767 | IL18: 2580 | IM18: 2204 | IN18: 56873 | IO18: 1227 | IP18: 2838 | IQ18: 34811 | IR18: 0 | IS18: 0 | IT18: 0 | IU18: 1353 | IV18: 1630 | IW18: 22062 | IX18: 5764 | IY18: 103415 | IZ18: 3539 | JA18: 1690 | JB18: 59804 | JC18: 2226 | JD18: 1960 | JE18: 43611 | JF18: 1105 | JG18: 2278 | JH18: 25183 | JI18: 0 | JJ18: 0 | JK18: 0 | JL18: 1120 | JM18: 1645 | JN18: 18428 | JO18: 5872 | JP18: 103456 | JQ18: 3734 | JR18: 1705 | JS18: 63662 | JT18: 2138 | JU18: 1861 | JV18: 39794 | JW18: 733 | JX18: 2225 | JY18: 16306 | JZ18: 0 | KA18: 0 | KB18: 0 | KC18: 1405 | KD18: 1672 | KE18: 23488 | KF18: 5013 | KG18: 87596 | KH18: 3740 | KI18: 1714 | KJ18: 64104 | KK18: 1273 | KL18: 1845 | KM18: 23492 | KN18: 597 | KO18: 2038 | KP18: 12174 | KQ18: 0 | KR18: 0 | KS18: 0 | KT18: 676 | KU18: 1674 | KV18: 11318 | KW18: 5552 | KX18: 91885 | KY18: 3232 | KZ18: 1572 | LA18: 50787 | LB18: 2321 | LC18: 1771 | LD18: 41098 | LE18: 720 | LF18: 1792 | LG18: 12902 | LH18: 0 | LI18: 0 | LJ18: 0 | LK18: 1601 | LL18: 1761 | LM18: 28196 | LN18: 5491 | LO18: 95058 | LP18: 3292 | LQ18: 1622 | LR18: 53385 | LS18: 2199 | LT18: 1895 | LU18: 41673 | LV18: 716 | LW18: 2454 | LX18: 17576 | LY18: - | LZ18: - | MA18: - | MB18: 1483 | MC18: 1625 | MD18: 24097 | ME18: - | MF18: - | MG18: - | MH18: - | MI18: - | MJ18: - | MK18: - | ML18: - | MM18: 769 | MN18: 2412 | MO18: 18557 | MP18: - | MQ18: - | MR18: - | MS18: - | MT18: - | MU18: - | MV18: - | MW18: - | MX18: - | MY18: - | MZ18: - | NA18: - | NB18: - | NC18: - | ND18: 905 | NE18: 2076 | NF18: 18791 | NG18: - | NH18: - | NI18: - | NJ18: - | NK18: - | NL18: -
A19: 경상북도 | B19: 소계 | C19: 4833 | D19: 122968 | E19: 1435 | F19: 1764 | G19: 25313 | H19: 3398 | I19: 2874 | J19: 97655 | K19: 2936 | L19: 2897 | M19: 85056 | N19: 95 | O19: 2758 | P19: 2620 | Q19: 367 | R19: 2719 | S19: 9979 | T19: 4034 | U19: 97717 | V19: 1553 | W19: 1651 | X19: 25640 | Y19: 2481 | Z19: 2905 | AA19: 72077 | AB19: 2261 | AC19: 2935 | AD19: 66370 | AE19: 20 | AF19: 1055 | AG19: 211 | AH19: 200 | AI19: 2748 | AJ19: 5496 | AK19: 4265 | AL19: 99735 | AM19: 1823 | AN19: 1610 | AO19: 29350 | AP19: 2442 | AQ19: 2882 | AR19: 70385 | AS19: 2140 | AT19: 2900 | AU19: 62066 | AV19: 41 | AW19: 3123 | AX19: 1280 | AY19: 261 | AZ19: 2697 | BA19: 7039 | BB19: 4088 | BC19: 98440 | BD19: 1585 | BE19: 1674 | BF19: 26533 | BG19: 2503 | BH19: 2873 | BI19: 71907 | BJ19: 2174 | BK19: 2875 | BL19: 62501 | BM19: 62 | BN19: 2938 | BO19: 1821 | BP19: 267 | BQ19: 2841 | BR19: 7585 | BS19: 4646 | BT19: 107529 | BU19: 1866 | BV19: 1520 | BW19: 28363 | BX19: 2780 | BY19: 2848 | BZ19: 79166 | CA19: 2523 | CB19: 2895 | CC19: 73033 | CD19: 39 | CE19: 3105 | CF19: 1211 | CG19: 218 | CH19: 2258 | CI19: 4922 | CJ19: 5080 | CK19: 98527 | CL19: 1974 | CM19: 1462 | CN19: 28860 | CO19: 3106 | CP19: 2243 | CQ19: 69667 | CR19: 2838 | CS19: 2242 | CT19: 63624 | CU19: 58 | CV19: 2335 | CW19: 1354 | CX19: 210 | CY19: 2233 | CZ19: 4689 | DA19: 5708 | DB19: 114533 | DC19: 1816 | DD19: 1357 | DE19: 24643 | DF19: 3892 | DG19: 2310 | DH19: 89890 | DI19: 3668 | DJ19: 2316 | DK19: 84966 | DL19: 60 | DM19: 2660 | DN19: 1596 | DO19: 164 | DP19: 2029 | DQ19: 3328 | DR19: 5416 | DS19: 118514 | DT19: 2093 | DU19: 1388 | DV19: 29051 | DW19: 3323 | DX19: 2692 | DY19: 89463 | DZ19: 3082 | EA19: 2732 | EB19: 84204 | EC19: 52 | ED19: 2489 | EE19: 1294 | EF19: 189 | EG19: 2098 | EH19: 3965 | EI19: 6373 | EJ19: 153563 | EK19: 1951 | EL19: 1363 | EM19: 26592 | EN19: 4422 | EO19: 2871 | EP19: 126971 | EQ19: 4161 | ER19: 2903 | ES19: 120791 | ET19: 86 | EU19: 2980 | EV19: 2563 | EW19: 175 | EX19: 2067 | EY19: 3617 | EZ19: 4976 | FA19: 107648 | FB19: 1740 | FC19: 1387 | FD19: 24134 | FE19: 3236 | FF19: 2581 | FG19: 83514 | FH19: 2965 | FI19: 2601 | FJ19: 77125 | FK19: 49 | FL19: 3168 | FM19: 1552 | FN19: 222 | FO19: 2179 | FP19: 4837 | FQ19: 4482 | FR19: 99115 | FS19: 1506 | FT19: 1306 | FU19: 19668 | FV19: 2976 | FW19: 2670 | FX19: 79447 | FY19: 2818 | FZ19: 2698 | GA19: 76027 | GB19: 30 | GC19: 2810 | GD19: 843 | GE19: 128 | GF19: 2013 | GG19: 2577 | GH19: 5364 | GI19: 107967 | GJ19: 1711 | GK19: 1307 | GL19: 22363 | GM19: 3653 | GN19: 2343 | GO19: 85604 | GP19: 3398 | GQ19: 2366 | GR19: 80402 | GS19: 61 | GT19: 2593 | GU19: 1582 | GV19: 194 | GW19: 1866 | GX19: 3620 | GY19: 4323 | GZ19: 75722 | HA19: 1380 | HB19: 1272 | HC19: 17554 | HD19: 2943 | HE19: 1976 | HF19: 58168 | HG19: 2796 | HH19: 1983 | HI19: 55457 | HJ19: 16 | HK19: 1578 | HL19: 256 | HM19: 131 | HN19: 1878 | HO19: 2455 | HP19: 4898 | HQ19: 99039 | HR19: 1414 | HS19: 1277 | HT19: 18056 | HU19: 3484 | HV19: 2324 | HW19: 80983 | HX19: 3258 | HY19: 2375 | HZ19: 77378 | IA19: 36 | IB19: 1503 | IC19: 534 | ID19: 191 | IE19: 1609 | IF19: 3071 | IG19: 5155 | IH19: 105220 | II19: 1494 | IJ19: 1382 | IK19: 20652 | IL19: 3660 | IM19: 2310 | IN19: 84568 | IO19: 3318 | IP19: 2379 | IQ19: 78931 | IR19: 83 | IS19: 1564 | IT19: 1298 | IU19: 259 | IV19: 1673 | IW19: 4339 | IX19: 4770 | IY19: 90213 | IZ19: 1500 | JA19: 1412 | JB19: 21186 | JC19: 3270 | JD19: 2111 | JE19: 69027 | JF19: 3069 | JG19: 2129 | JH19: 65340 | JI19: 28 | JJ19: 2983 | JK19: 845 | JL19: 173 | JM19: 1644 | JN19: 2842 | JO19: 4235 | JP19: 89791 | JQ19: 1668 | JR19: 1420 | JS19: 23683 | JT19: 2568 | JU19: 2575 | JV19: 66108 | JW19: 2450 | JX19: 2617 | JY19: 64105 | JZ19: 11 | KA19: 3037 | KB19: 345 | KC19: 107 | KD19: 1556 | KE19: 1658 | KF19: 3724 | KG19: 67591 | KH19: 1342 | KI19: 1470 | KJ19: 19734 | KK19: 2382 | KL19: 2009 | KM19: 47857 | KN19: 2266 | KO19: 2052 | KP19: 46509 | KQ19: 4 | KR19: 3562 | KS19: 128 | KT19: 112 | KU19: 1084 | KV19: 1219 | KW19: 3799 | KX19: 78352 | KY19: 1253 | KZ19: 1316 | LA19: 16481 | LB19: 2546 | LC19: 2430 | LD19: 61871 | LE19: 2440 | LF19: 2463 | LG19: 60091 | LH19: 3 | LI19: 3304 | LJ19: 109 | LK19: 103 | LL19: 1621 | LM19: 1671 | LN19: 4092 | LO19: 89528 | LP19: 1183 | LQ19: 1461 | LR19: 17280 | LS19: 2909 | LT19: 2483 | LU19: 72248 | LV19: 2776 | LW19: 2517 | LX19: 69882 | LY19: 6 | LZ19: 3218 | MA19: 198 | MB19: 127 | MC19: 1704 | MD19: 2169 | ME19: - | MF19: - | MG19: - | MH19: - | MI19: - | MJ19: - | MK19: - | ML19: - | MM19: 2731 | MN19: 2380 | MO19: 65020 | MP19: 5 | MQ19: 3171 | MR19: 162 | MS19: - | MT19: - | MU19: - | MV19: - | MW19: - | MX19: - | MY19: - | MZ19: - | NA19: - | NB19: - | NC19: - | ND19: 2265 | NE19: 2167 | NF19: 49072 | NG19: - | NH19: - | NI19: - | NJ19: - | NK19: - | NL19: -
A20: 경상남도 | B20: 소계 | C20: 4843 | D20: 118165 | E20: 1679 | F20: 1845 | G20: 30978 | H20: 3164 | I20: 2756 | J20: 87187 | K20: 2311 | L20: 2909 | M20: 67227 | N20: 0 | O20: 0 | P20: 0 | Q20: 853 | R20: 2340 | S20: 19960 | T20: 3834 | U20: 86230 | V20: 1321 | W20: 1574 | X20: 20793 | Y20: 2513 | Z20: 2604 | AA20: 65437 | AB20: 1729 | AC20: 2656 | AD20: 45923 | AE20: 0 | AF20: 0 | AG20: 0 | AH20: 784 | AI20: 2489 | AJ20: 19514 | AK20: 3638 | AL20: 79438 | AM20: 1460 | AN20: 1553 | AO20: 22674 | AP20: 2178 | AQ20: 2606 | AR20: 56764 | AS20: 1531 | AT20: 2656 | AU20: 40660 | AV20: 7 | AW20: 3123 | AX20: 219 | AY20: 640 | AZ20: 2482 | BA20: 15885 | BB20: 3382 | BC20: 72614 | BD20: 1471 | BE20: 1351 | BF20: 19873 | BG20: 1911 | BH20: 2760 | BI20: 52741 | BJ20: 1398 | BK20: 2805 | BL20: 39213 | BM20: 0 | BN20: 0 | BO20: 0 | BP20: 513 | BQ20: 2637 | BR20: 13528 | BS20: 3569 | BT20: 69133 | BU20: 1581 | BV20: 1448 | BW20: 22893 | BX20: 1988 | BY20: 2326 | BZ20: 46240 | CA20: 1339 | CB20: 2477 | CC20: 33163 | CD20: 0 | CE20: 0 | CF20: 0 | CG20: 649 | CH20: 2015 | CI20: 13077 | CJ20: 3484 | CK20: 62307 | CL20: 1413 | CM20: 1431 | CN20: 20220 | CO20: 2071 | CP20: 2032 | CQ20: 42087 | CR20: 1472 | CS20: 2209 | CT20: 32524 | CU20: 2 | CV20: 2335 | CW20: 47 | CX20: 597 | CY20: 1594 | CZ20: 9516 | DA20: 3601 | DB20: 66397 | DC20: 1351 | DD20: 1407 | DE20: 19009 | DF20: 2250 | DG20: 2106 | DH20: 47388 | DI20: 1707 | DJ20: 2305 | DK20: 39341 | DL20: 0 | DM20: 0 | DN20: 0 | DO20: 543 | DP20: 1482 | DQ20: 8047 | DR20: 3534 | DS20: 64557 | DT20: 1447 | DU20: 1354 | DV20: 19592 | DW20: 2087 | DX20: 2155 | DY20: 44965 | DZ20: 1577 | EA20: 2387 | EB20: 37636 | EC20: 0 | ED20: 0 | EE20: 0 | EF20: 510 | EG20: 1437 | EH20: 7329 | EI20: 3838 | EJ20: 70991 | EK20: 1494 | EL20: 1418 | EM20: 21185 | EN20: 2344 | EO20: 2125 | EP20: 49806 | EQ20: 1958 | ER20: 2248 | ES20: 44020 | ET20: 0 | EU20: 0 | EV20: 0 | EW20: 386 | EX20: 1499 | EY20: 5786 | EZ20: 3147 | FA20: 59774 | FB20: 1541 | FC20: 1397 | FD20: 21528 | FE20: 1606 | FF20: 2381 | FG20: 38246 | FH20: 1253 | FI20: 2656 | FJ20: 33283 | FK20: 0 | FL20: 0 | FM20: 0 | FN20: 353 | FO20: 1406 | FP20: 4963 | FQ20: 2975 | FR20: 55774 | FS20: 1275 | FT20: 1312 | FU20: 16728 | FV20: 1700 | FW20: 2297 | FX20: 39046 | FY20: 1421 | FZ20: 2494 | GA20: 35441 | GB20: 0 | GC20: 0 | GD20: 0 | GE20: 279 | GF20: 1292 | GG20: 3605 | GH20: 3277 | GI20: 61485 | GJ20: 1242 | GK20: 1182 | GL20: 14680 | GM20: 2035 | GN20: 2300 | GO20: 46805 | GP20: 1573 | GQ20: 2583 | GR20: 40637 | GS20: 0 | GT20: 0 | GU20: 0 | GV20: 462 | GW20: 1335 | GX20: 6168 | GY20: 3085 | GZ20: 57713 | HA20: 1156 | HB20: 1288 | HC20: 14893 | HD20: 1929 | HE20: 2220 | HF20: 42820 | HG20: 1545 | HH20: 2351 | HI20: 36332 | HJ20: 0 | HK20: 0 | HL20: 0 | HM20: 383 | HN20: 1692 | HO20: 6488 | HP20: 3012 | HQ20: 54617 | HR20: 1100 | HS20: 1176 | HT20: 12933 | HU20: 1912 | HV20: 2180 | HW20: 41684 | HX20: 1474 | HY20: 2305 | HZ20: 33978 | IA20: 0 | IB20: 0 | IC20: 0 | ID20: 438 | IE20: 1760 | IF20: 7706 | IG20: 3786 | IH20: 75787 | II20: 1107 | IJ20: 1434 | IK20: 15869 | IL20: 2680 | IM20: 2236 | IN20: 59918 | IO20: 1993 | IP20: 2558 | IQ20: 50973 | IR20: 0 | IS20: 0 | IT20: 0 | IU20: 687 | IV20: 1302 | IW20: 8945 | IX20: 3970 | IY20: 69619 | IZ20: 1209 | JA20: 1558 | JB20: 18840 | JC20: 2761 | JD20: 1839 | JE20: 50779 | JF20: 1943 | JG20: 2022 | JH20: 39276 | JI20: 0 | JJ20: 0 | JK20: 0 | JL20: 818 | JM20: 1406 | JN20: 11503 | JO20: 2977 | JP20: 58312 | JQ20: 1250 | JR20: 1484 | JS20: 18556 | JT20: 1726 | JU20: 2303 | JV20: 39756 | JW20: 1314 | JX20: 2578 | JY20: 33865 | JZ20: 0 | KA20: 0 | KB20: 0 | KC20: 413 | KD20: 1428 | KE20: 5891 | KF20: 3058 | KG20: 52350 | KH20: 1104 | KI20: 1669 | KJ20: 18423 | KK20: 1954 | KL20: 1736 | KM20: 33927 | KN20: 1198 | KO20: 1945 | KP20: 23312 | KQ20: 0 | KR20: 0 | KS20: 0 | KT20: 756 | KU20: 1405 | KV20: 10615 | KW20: 2737 | KX20: 52428 | KY20: 1017 | KZ20: 1653 | LA20: 16808 | LB20: 1720 | LC20: 2071 | LD20: 35620 | LE20: 1348 | LF20: 2243 | LG20: 30230 | LH20: 0 | LI20: 0 | LJ20: 0 | LK20: 373 | LL20: 1446 | LM20: 5390 | LN20: 2675 | LO20: 56535 | LP20: 896 | LQ20: 1575 | LR20: 14111 | LS20: 1779 | LT20: 2385 | LU20: 42424 | LV20: 1350 | LW20: 2631 | LX20: 35526 | LY20: - | LZ20: - | MA20: - | MB20: 428 | MC20: 1611 | MD20: 6898 | ME20: - | MF20: - | MG20: - | MH20: - | MI20: - | MJ20: - | MK20: - | ML20: - | MM20: 1400 | MN20: 2255 | MO20: 31564 | MP20: - | MQ20: - | MR20: - | MS20: - | MT20: - | MU20: - | MV20: - | MW20: - | MX20: - | MY20: - | MZ20: - | NA20: - | NB20: - | NC20: - | ND20: 1170 | NE20: 2560 | NF20: 29946 | NG20: - | NH20: - | NI20: - | NJ20: - | NK20: - | NL20: -
A21: 제주특별자치도 | B21: 소계 | C21: 6278 | D21: 135875 | E21: 104 | F21: 2105 | G21: 2189 | H21: 6174 | I21: 2165 | J21: 133686 | K21: 1991 | L21: 2271 | M21: 45216 | N21: 0 | O21: 0 | P21: 0 | Q21: 4183 | R21: 2115 | S21: 88470 | T21: 4540 | U21: 102052 | V21: 373 | W21: 2064 | X21: 7699 | Y21: 4167 | Z21: 2264 | AA21: 94353 | AB21: 1448 | AC21: 2505 | AD21: 36275 | AE21: 0 | AF21: 0 | AG21: 0 | AH21: 2719 | AI21: 2136 | AJ21: 58078 | AK21: 2974 | AL21: 59944 | AM21: 257 | AN21: 1907 | AO21: 4901 | AP21: 2717 | AQ21: 2026 | AR21: 55043 | AS21: 1060 | AT21: 2349 | AU21: 24902 | AV21: 0 | AW21: 0 | AX21: 0 | AY21: 1657 | AZ21: 1819 | BA21: 30141 | BB21: 2755 | BC21: 59018 | BD21: 92 | BE21: 2049 | BF21: 1885 | BG21: 2663 | BH21: 2145 | BI21: 57133 | BJ21: 902 | BK21: 2387 | BL21: 21526 | BM21: 0 | BN21: 0 | BO21: 0 | BP21: 1761 | BQ21: 2022 | BR21: 35607 | BS21: 2553 | BT21: 53501 | BU21: 140 | BV21: 2043 | BW21: 2860 | BX21: 2413 | BY21: 2099 | BZ21: 50641 | CA21: 1024 | CB21: 2298 | CC21: 23528 | CD21: 0 | CE21: 0 | CF21: 0 | CG21: 1389 | CH21: 1952 | CI21: 27113 | CJ21: 2892 | CK21: 51911 | CL21: 126 | CM21: 1908 | CN21: 2404 | CO21: 2766 | CP21: 1790 | CQ21: 49507 | CR21: 1022 | CS21: 2081 | CT21: 21272 | CU21: 0 | CV21: 0 | CW21: 0 | CX21: 1744 | CY21: 1619 | CZ21: 28235 | DA21: 2900 | DB21: 64149 | DC21: 86 | DD21: 1806 | DE21: 1553 | DF21: 2814 | DG21: 2224 | DH21: 62596 | DI21: 1237 | DJ21: 2716 | DK21: 33595 | DL21: 0 | DM21: 0 | DN21: 0 | DO21: 1577 | DP21: 1839 | DQ21: 29001 | DR21: 2687 | DS21: 48199 | DT21: 113 | DU21: 1837 | DV21: 2076 | DW21: 2574 | DX21: 1792 | DY21: 46123 | DZ21: 799 | EA21: 1998 | EB21: 15966 | EC21: 0 | ED21: 0 | EE21: 0 | EF21: 1775 | EG21: 1699 | EH21: 30157 | EI21: 1979 | EJ21: 39988 | EK21: 182 | EL21: 1551 | EM21: 2823 | EN21: 1797 | EO21: 2068 | EP21: 37165 | EQ21: 835 | ER21: 2609 | ES21: 21783 | ET21: 0 | EU21: 0 | EV21: 0 | EW21: 962 | EX21: 1599 | EY21: 15382 | EZ21: 1439 | FA21: 30110 | FB21: 57 | FC21: 1949 | FD21: 1111 | FE21: 1382 | FF21: 2098 | FG21: 28999 | FH21: 281 | FI21: 3009 | FJ21: 8454 | FK21: 0 | FL21: 0 | FM21: 0 | FN21: 1101 | FO21: 1866 | FP21: 20545 | FQ21: 1203 | FR21: 23289 | FS21: 74 | FT21: 1755 | FU21: 1299 | FV21: 1129 | FW21: 1948 | FX21: 21990 | FY21: 419 | FZ21: 2463 | GA21: 10318 | GB21: 0 | GC21: 0 | GD21: 0 | GE21: 710 | GF21: 1644 | GG21: 11672 | GH21: 1986 | GI21: 28951 | GJ21: 205 | GK21: 1495 | GL21: 3065 | GM21: 1781 | GN21: 1453 | GO21: 25886 | GP21: 610 | GQ21: 2322 | GR21: 14164 | GS21: 0 | GT21: 0 | GU21: 0 | GV21: 1171 | GW21: 1001 | GX21: 11722 | GY21: 1727 | GZ21: 31392 | HA21: 155 | HB21: 1900 | HC21: 2952 | HD21: 1571 | HE21: 1810 | HF21: 28440 | HG21: 612 | HH21: 2259 | HI21: 13818 | HJ21: 0 | HK21: 0 | HL21: 0 | HM21: 959 | HN21: 1524 | HO21: 14622 | HP21: 2201 | HQ21: 41486 | HR21: 97 | HS21: 1430 | HT21: 1385 | HU21: 2104 | HV21: 1906 | HW21: 40101 | HX21: 675 | HY21: 2298 | HZ21: 15513 | IA21: 0 | IB21: 0 | IC21: 0 | ID21: 1429 | IE21: 1721 | IF21: 24588 | IG21: 1760 | IH21: 33657 | II21: 107 | IJ21: 1495 | IK21: 1598 | IL21: 1653 | IM21: 1939 | IN21: 32059 | IO21: 706 | IP21: 2758 | IQ21: 19477 | IR21: 0 | IS21: 0 | IT21: 0 | IU21: 947 | IV21: 1329 | IW21: 12582 | IX21: 1633 | IY21: 33153 | IZ21: 68 | JA21: 1539 | JB21: 1054 | JC21: 1565 | JD21: 2051 | JE21: 32099 | JF21: 643 | JG21: 2983 | JH21: 19182 | JI21: 0 | JJ21: 0 | JK21: 0 | JL21: 922 | JM21: 1401 | JN21: 12917 | JO21: 1858 | JP21: 39220 | JQ21: 126 | JR21: 1431 | JS21: 1803 | JT21: 1732 | JU21: 2161 | JV21: 37417 | JW21: 790 | JX21: 3034 | JY21: 23966 | JZ21: 0 | KA21: 0 | KB21: 0 | KC21: 942 | KD21: 1428 | KE21: 13451 | KF21: 1856 | KG21: 33537 | KH21: 97 | KI21: 1384 | KJ21: 1347 | KK21: 1759 | KL21: 1830 | KM21: 32190 | KN21: 526 | KO21: 3121 | KP21: 16414 | KQ21: 0 | KR21: 0 | KS21: 0 | KT21: 1233 | KU21: 1279 | KV21: 15776 | KW21: 1286 | KX21: 25363 | KY21: 48 | KZ21: 1343 | LA21: 644 | LB21: 1238 | LC21: 1996 | LD21: 24719 | LE21: 562 | LF21: 2837 | LG21: 15933 | LH21: 0 | LI21: 0 | LJ21: 0 | LK21: 677 | LL21: 1299 | LM21: 8786 | LN21: 1848 | LO21: 35746 | LP21: 45 | LQ21: 1318 | LR21: 596 | LS21: 1803 | LT21: 1950 | LU21: 35150 | LV21: 560 | LW21: 3159 | LX21: 17682 | LY21: - | LZ21: - | MA21: - | MB21: 1243 | MC21: 1405 | MD21: 17468 | ME21: - | MF21: - | MG21: - | MH21: - | MI21: - | MJ21: - | MK21: - | ML21: - | MM21: 680 | MN21: 2168 | MO21: 14753 | MP21: - | MQ21: - | MR21: - | MS21: - | MT21: - | MU21: - | MV21: - | MW21: - | MX21: - | MY21: - | MZ21: - | NA21: - | NB21: - | NC21: - | ND21: 589 | NE21: 2658 | NF21: 15643 | NG21: - | NH21: - | NI21: - | NJ21: - | NK21: - | NL21: -

Sheet 분석
A1: 감자 재배면적·단수·총생산량 변화 분석 (전국, 2005~2024년)
A2: 자료: 국가데이터처 KOSIS 「농작물생산조사」 통계표 '서류생산량(생서)', 다운로드일 2026.10.10 / 수치는 'Raw data' 시트 전국 행(3행)을 수식으로 참조
A3: ※ 2025·2026년은 감자 합계가 '-'(일부 작형만 공표)로 표시되어 확정연도에서 제외
A4: 연도 | B4: 재배면적(ha) | C4: 단수(kg/10a) | D4: 총생산량(톤) | E4: 재배면적 지수 (2005=100) | F4: 단수 지수 (2005=100) | G4: 생산량 지수 (2005=100) | H4: 전년 대비 생산량 변화율(%) | I4: 전년 대비 재배면적 변화율(%) | J4: 전년 대비 단수 변화율(%) | L4: [참고] 일반봄감자 면적(ha) | M4: [참고] 고랭지감자 면적(ha) | N4: [참고] 가을감자 면적(ha) | O4: [참고] 일반봄감자 단수(kg/10a) | P4: [참고] 고랭지감자 단수(kg/10a) | Q4: [참고] 가을감자 단수(kg/10a) | R4: [참고] 제주 감자 면적(ha) | S4: [참고] 일반봄감자 면적 전년 대비(%) | T4: [참고] 고랭지감자 면적 전년 대비(%) | U4: [참고] 가을감자 면적 전년 대비(%)
A5: 2005 | B5: ='Raw data'!H3 -> 32728 | C5: ='Raw data'!I3 -> 2732 | D5: ='Raw data'!J3 -> 894215 | E5: =IF(B5="","",B5/B$5*100) -> 100 | F5: =IF(C5="","",C5/C$5*100) -> 100 | G5: =IF(D5="","",D5/D$5*100) -> 100 | H5: - | I5: - | J5: - | L5: ='Raw data'!K3 -> 20035 | M5: ='Raw data'!N3 -> 4385 | N5: ='Raw data'!Q3 -> 8308 | O5: ='Raw data'!L3 -> 2767 | P5: ='Raw data'!O3 -> 3517 | Q5: ='Raw data'!R3 -> 2233 | R5: ='Raw data'!H21 -> 6174 | S5: - | T5: - | U5: -
A6: 2006 | B6: ='Raw data'!Y3 -> 23957 | C6: ='Raw data'!Z3 -> 2634 | D6: ='Raw data'!AA3 -> 631086 | E6: =IF(B6="","",B6/B$5*100) -> 73.200318 | F6: =IF(C6="","",C6/C$5*100) -> 96.412884 | G6: =IF(D6="","",D6/D$5*100) -> 70.574303 | H6: =IF(OR(D6="",D5=""),"",(D6-D5)/D5*100) -> -29.425697 | I6: =IF(OR(B6="",B5=""),"",(B6-B5)/B5*100) -> -26.799682 | J6: =IF(OR(C6="",C5=""),"",(C6-C5)/C5*100) -> -3.5871157 | L6: ='Raw data'!AB3 -> 14960 | M6: ='Raw data'!AE3 -> 3971 | N6: ='Raw data'!AH3 -> 5026 | O6: ='Raw data'!AC3 -> 2799 | P6: ='Raw data'!AF3 -> 2404 | Q6: ='Raw data'!AI3 -> 2328 | R6: ='Raw data'!Y21 -> 4167 | S6: =IF(OR(L6="",L5=""),"",(L6-L5)/L5*100) -> -25.330671 | T6: =IF(OR(M6="",M5=""),"",(M6-M5)/M5*100) -> -9.4412771 | U6: =IF(OR(N6="",N5=""),"",(N6-N5)/N5*100) -> -39.504092
A7: 2007 | B7: ='Raw data'!AP3 -> 20421 | C7: ='Raw data'!AQ3 -> 2813 | D7: ='Raw data'!AR3 -> 574396 | E7: =IF(B7="","",B7/B$5*100) -> 62.396113 | F7: =IF(C7="","",C7/C$5*100) -> 102.96486 | G7: =IF(D7="","",D7/D$5*100) -> 64.234664 | H7: =IF(OR(D7="",D6=""),"",(D7-D6)/D6*100) -> -8.9829278 | I7: =IF(OR(B7="",B6=""),"",(B7-B6)/B6*100) -> -14.759778 | J7: =IF(OR(C7="",C6=""),"",(C7-C6)/C6*100) -> 6.7957479 | L7: ='Raw data'!AS3 -> 13033 | M7: ='Raw data'!AV3 -> 3202 | N7: ='Raw data'!AY3 -> 4186 | O7: ='Raw data'!AT3 -> 2818 | P7: ='Raw data'!AW3 -> 3516 | Q7: ='Raw data'!AZ3 -> 2259 | R7: ='Raw data'!AP21 -> 2717 | S7: =IF(OR(L7="",L6=""),"",(L7-L6)/L6*100) -> -12.881016 | T7: =IF(OR(M7="",M6=""),"",(M7-M6)/M6*100) -> -19.365399 | U7: =IF(OR(N7="",N6=""),"",(N7-N6)/N6*100) -> -16.713092
A8: 2008 | B8: ='Raw data'!BG3 -> 20540 | C8: ='Raw data'!BH3 -> 2943 | D8: ='Raw data'!BI3 -> 604592 | E8: =IF(B8="","",B8/B$5*100) -> 62.759716 | F8: =IF(C8="","",C8/C$5*100) -> 107.72328 | G8: =IF(D8="","",D8/D$5*100) -> 67.61148 | H8: =IF(OR(D8="",D7=""),"",(D8-D7)/D7*100) -> 5.2570004 | I8: =IF(OR(B8="",B7=""),"",(B8-B7)/B7*100) -> 0.58273346 | J8: =IF(OR(C8="",C7=""),"",(C8-C7)/C7*100) -> 4.6214006 | L8: ='Raw data'!BJ3 -> 13048 | M8: ='Raw data'!BM3 -> 3364 | N8: ='Raw data'!BP3 -> 4128 | O8: ='Raw data'!BK3 -> 2930 | P8: ='Raw data'!BN3 -> 3650 | Q8: ='Raw data'!BQ3 -> 2409 | R8: ='Raw data'!BG21 -> 2663 | S8: =IF(OR(L8="",L7=""),"",(L8-L7)/L7*100) -> 0.11509246 | T8: =IF(OR(M8="",M7=""),"",(M8-M7)/M7*100) -> 5.0593379 | U8: =IF(OR(N8="",N7=""),"",(N8-N7)/N7*100) -> -1.385571
A9: 2009 | B9: ='Raw data'!BX3 -> 21396 | C9: ='Raw data'!BY3 -> 2762 | D9: ='Raw data'!BZ3 -> 591053 | E9: =IF(B9="","",B9/B$5*100) -> 65.375214 | F9: =IF(C9="","",C9/C$5*100) -> 101.0981 | G9: =IF(D9="","",D9/D$5*100) -> 66.097415 | H9: =IF(OR(D9="",D8=""),"",(D9-D8)/D8*100) -> -2.2393614 | I9: =IF(OR(B9="",B8=""),"",(B9-B8)/B8*100) -> 4.1674781 | J9: =IF(OR(C9="",C8=""),"",(C9-C8)/C8*100) -> -6.1501869 | L9: ='Raw data'!CA3 -> 14198 | M9: ='Raw data'!CD3 -> 3322 | N9: ='Raw data'!CG3 -> 3876 | O9: ='Raw data'!CB3 -> 2778 | P9: ='Raw data'!CE3 -> 3487 | Q9: ='Raw data'!CH3 -> 2084 | R9: ='Raw data'!BX21 -> 2413 | S9: =IF(OR(L9="",L8=""),"",(L9-L8)/L8*100) -> 8.8136113 | T9: =IF(OR(M9="",M8=""),"",(M9-M8)/M8*100) -> -1.2485137 | U9: =IF(OR(N9="",N8=""),"",(N9-N8)/N8*100) -> -6.1046512
A10: 2010 | B10: ='Raw data'!CO3 -> 24913 | C10: ='Raw data'!CP3 -> 2475 | D10: ='Raw data'!CQ3 -> 616707 | E10: =IF(B10="","",B10/B$5*100) -> 76.121364 | F10: =IF(C10="","",C10/C$5*100) -> 90.592972 | G10: =IF(D10="","",D10/D$5*100) -> 68.9663 | H10: =IF(OR(D10="",D9=""),"",(D10-D9)/D9*100) -> 4.3403891 | I10: =IF(OR(B10="",B9=""),"",(B10-B9)/B9*100) -> 16.437652 | J10: =IF(OR(C10="",C9=""),"",(C10-C9)/C9*100) -> -10.391021 | L10: ='Raw data'!CR3 -> 16302 | M10: ='Raw data'!CU3 -> 3801 | N10: ='Raw data'!CX3 -> 4810 | O10: ='Raw data'!CS3 -> 2415 | P10: ='Raw data'!CV3 -> 3668 | Q10: ='Raw data'!CY3 -> 1739 | R10: ='Raw data'!CO21 -> 2766 | S10: =IF(OR(L10="",L9=""),"",(L10-L9)/L9*100) -> 14.818989 | T10: =IF(OR(M10="",M9=""),"",(M10-M9)/M9*100) -> 14.419025 | U10: =IF(OR(N10="",N9=""),"",(N10-N9)/N9*100) -> 24.097007
A11: 2011 | B11: ='Raw data'!DF3 -> 26804 | C11: ='Raw data'!DG3 -> 2321 | D11: ='Raw data'!DH3 -> 622202 | E11: =IF(B11="","",B11/B$5*100) -> 81.899291 | F11: =IF(C11="","",C11/C$5*100) -> 84.956076 | G11: =IF(D11="","",D11/D$5*100) -> 69.580806 | H11: =IF(OR(D11="",D10=""),"",(D11-D10)/D10*100) -> 0.8910228 | I11: =IF(OR(B11="",B10=""),"",(B11-B10)/B10*100) -> 7.5904146 | J11: =IF(OR(C11="",C10=""),"",(C11-C10)/C10*100) -> -6.2222222 | L11: ='Raw data'!DI3 -> 19126 | M11: ='Raw data'!DL3 -> 3784 | N11: ='Raw data'!DO3 -> 3894 | O11: ='Raw data'!DJ3 -> 2392 | P11: ='Raw data'!DM3 -> 2509 | Q11: ='Raw data'!DP3 -> 1789 | R11: ='Raw data'!DF21 -> 2814 | S11: =IF(OR(L11="",L10=""),"",(L11-L10)/L10*100) -> 17.323028 | T11: =IF(OR(M11="",M10=""),"",(M11-M10)/M10*100) -> -0.44725072 | U11: =IF(OR(N11="",N10=""),"",(N11-N10)/N10*100) -> -19.043659
A12: 2012 | B12: ='Raw data'!DW3 -> 24930 | C12: ='Raw data'!DX3 -> 2437 | D12: ='Raw data'!DY3 -> 607534 | E12: =IF(B12="","",B12/B$5*100) -> 76.173307 | F12: =IF(C12="","",C12/C$5*100) -> 89.20205 | G12: =IF(D12="","",D12/D$5*100) -> 67.940484 | H12: =IF(OR(D12="",D11=""),"",(D12-D11)/D11*100) -> -2.3574338 | I12: =IF(OR(B12="",B11=""),"",(B12-B11)/B11*100) -> -6.9914938 | J12: =IF(OR(C12="",C11=""),"",(C12-C11)/C11*100) -> 4.9978458 | L12: ='Raw data'!DZ3 -> 17424 | M12: ='Raw data'!EC3 -> 3793 | N12: ='Raw data'!EF3 -> 3713 | O12: ='Raw data'!EA3 -> 2396 | P12: ='Raw data'!ED3 -> 3332 | Q12: ='Raw data'!EG3 -> 1716 | R12: ='Raw data'!DW21 -> 2574 | S12: =IF(OR(L12="",L11=""),"",(L12-L11)/L11*100) -> -8.8988811 | T12: =IF(OR(M12="",M11=""),"",(M12-M11)/M11*100) -> 0.23784355 | U12: =IF(OR(N12="",N11=""),"",(N12-N11)/N11*100) -> -4.6481767
A13: 2013 | B13: ='Raw data'!EN3 -> 27430 | C13: ='Raw data'!EO3 -> 2652 | D13: ='Raw data'!EP3 -> 727438 | E13: =IF(B13="","",B13/B$5*100) -> 83.812026 | F13: =IF(C13="","",C13/C$5*100) -> 97.071742 | G13: =IF(D13="","",D13/D$5*100) -> 81.34934 | H13: =IF(OR(D13="",D12=""),"",(D13-D12)/D12*100) -> 19.736179 | I13: =IF(OR(B13="",B12=""),"",(B13-B12)/B12*100) -> 10.028079 | J13: =IF(OR(C13="",C12=""),"",(C13-C12)/C12*100) -> 8.8223225 | L13: ='Raw data'!EQ3 -> 20977 | M13: ='Raw data'!ET3 -> 3751 | N13: ='Raw data'!EW3 -> 2702 | O13: ='Raw data'!ER3 -> 2722 | P13: ='Raw data'!EU3 -> 2963 | Q13: ='Raw data'!EX3 -> 1676 | R13: ='Raw data'!EN21 -> 1797 | S13: =IF(OR(L13="",L12=""),"",(L13-L12)/L12*100) -> 20.391414 | T13: =IF(OR(M13="",M12=""),"",(M13-M12)/M12*100) -> -1.1073029 | U13: =IF(OR(N13="",N12=""),"",(N13-N12)/N12*100) -> -27.228656
A14: 2014 | B14: ='Raw data'!FE3 -> 21472 | C14: ='Raw data'!FF3 -> 2750 | D14: ='Raw data'!FG3 -> 590532 | E14: =IF(B14="","",B14/B$5*100) -> 65.607431 | F14: =IF(C14="","",C14/C$5*100) -> 100.65886 | G14: =IF(D14="","",D14/D$5*100) -> 66.039152 | H14: =IF(OR(D14="",D13=""),"",(D14-D13)/D13*100) -> -18.820298 | I14: =IF(OR(B14="",B13=""),"",(B14-B13)/B13*100) -> -21.720744 | J14: =IF(OR(C14="",C13=""),"",(C14-C13)/C13*100) -> 3.6953243 | L14: ='Raw data'!FH3 -> 15596 | M14: ='Raw data'!FK3 -> 2975 | N14: ='Raw data'!FN3 -> 2901 | O14: ='Raw data'!FI3 -> 2772 | P14: ='Raw data'!FL3 -> 3647 | Q14: ='Raw data'!FO3 -> 1713 | R14: ='Raw data'!FE21 -> 1382 | S14: =IF(OR(L14="",L13=""),"",(L14-L13)/L13*100) -> -25.651904 | T14: =IF(OR(M14="",M13=""),"",(M14-M13)/M13*100) -> -20.687817 | U14: =IF(OR(N14="",N13=""),"",(N14-N13)/N13*100) -> 7.3649149
A15: 2015 | B15: ='Raw data'!FV3 -> 20234 | C15: ='Raw data'!FW3 -> 2658 | D15: ='Raw data'!FX3 -> 537738 | E15: =IF(B15="","",B15/B$5*100) -> 61.824737 | F15: =IF(C15="","",C15/C$5*100) -> 97.291362 | G15: =IF(D15="","",D15/D$5*100) -> 60.135202 | H15: =IF(OR(D15="",D14=""),"",(D15-D14)/D14*100) -> -8.9400744 | I15: =IF(OR(B15="",B14=""),"",(B15-B14)/B14*100) -> -5.7656483 | J15: =IF(OR(C15="",C14=""),"",(C15-C14)/C14*100) -> -3.3454545 | L15: ='Raw data'!FY3 -> 14545 | M15: ='Raw data'!GB3 -> 3403 | N15: ='Raw data'!GE3 -> 2286 | O15: ='Raw data'!FZ3 -> 2526 | P15: ='Raw data'!GC3 -> 3875 | Q15: ='Raw data'!GF3 -> 1685 | R15: ='Raw data'!FV21 -> 1129 | S15: =IF(OR(L15="",L14=""),"",(L15-L14)/L14*100) -> -6.7389074 | T15: =IF(OR(M15="",M14=""),"",(M15-M14)/M14*100) -> 14.386555 | U15: =IF(OR(N15="",N14=""),"",(N15-N14)/N14*100) -> -21.199586
A16: 2016 | B16: ='Raw data'!GM3 -> 22000 | C16: ='Raw data'!GN3 -> 2526 | D16: ='Raw data'!GO3 -> 555670 | E16: =IF(B16="","",B16/B$5*100) -> 67.220728 | F16: =IF(C16="","",C16/C$5*100) -> 92.459736 | G16: =IF(D16="","",D16/D$5*100) -> 62.140537 | H16: =IF(OR(D16="",D15=""),"",(D16-D15)/D15*100) -> 3.3347095 | I16: =IF(OR(B16="",B15=""),"",(B16-B15)/B15*100) -> 8.7278838 | J16: =IF(OR(C16="",C15=""),"",(C16-C15)/C15*100) -> -4.96614 | L16: ='Raw data'!GP3 -> 15259 | M16: ='Raw data'!GS3 -> 3579 | N16: ='Raw data'!GV3 -> 3162 | O16: ='Raw data'!GQ3 -> 2580 | P16: ='Raw data'!GT3 -> 3407 | Q16: ='Raw data'!GW3 -> 1267 | R16: ='Raw data'!GM21 -> 1781 | S16: =IF(OR(L16="",L15=""),"",(L16-L15)/L15*100) -> 4.9089034 | T16: =IF(OR(M16="",M15=""),"",(M16-M15)/M15*100) -> 5.1719071 | U16: =IF(OR(N16="",N15=""),"",(N16-N15)/N15*100) -> 38.32021
A17: 2017 | B17: ='Raw data'!HD3 -> 20974 | C17: ='Raw data'!HE3 -> 2225 | D17: ='Raw data'!HF3 -> 466755 | E17: =IF(B17="","",B17/B$5*100) -> 64.085798 | F17: =IF(C17="","",C17/C$5*100) -> 81.442167 | G17: =IF(D17="","",D17/D$5*100) -> 52.197179 | H17: =IF(OR(D17="",D16=""),"",(D17-D16)/D16*100) -> -16.001404 | I17: =IF(OR(B17="",B16=""),"",(B17-B16)/B16*100) -> -4.6636364 | J17: =IF(OR(C17="",C16=""),"",(C17-C16)/C16*100) -> -11.916073 | L17: ='Raw data'!HG3 -> 14943 | M17: ='Raw data'!HJ3 -> 3244 | N17: ='Raw data'!HM3 -> 2787 | O17: ='Raw data'!HH3 -> 2152 | P17: ='Raw data'!HK3 -> 3048 | Q17: ='Raw data'!HN3 -> 1663 | R17: ='Raw data'!HD21 -> 1571 | S17: =IF(OR(L17="",L16=""),"",(L17-L16)/L16*100) -> -2.070909 | T17: =IF(OR(M17="",M16=""),"",(M17-M16)/M16*100) -> -9.3601565 | U17: =IF(OR(N17="",N16=""),"",(N17-N16)/N16*100) -> -11.859583
A18: 2018 | B18: ='Raw data'!HU3 -> 23402 | C18: ='Raw data'!HV3 -> 2342 | D18: ='Raw data'!HW3 -> 548065 | E18: =IF(B18="","",B18/B$5*100) -> 71.504522 | F18: =IF(C18="","",C18/C$5*100) -> 85.724744 | G18: =IF(D18="","",D18/D$5*100) -> 61.29007 | H18: =IF(OR(D18="",D17=""),"",(D18-D17)/D17*100) -> 17.420274 | I18: =IF(OR(B18="",B17=""),"",(B18-B17)/B17*100) -> 11.576237 | J18: =IF(OR(C18="",C17=""),"",(C18-C17)/C17*100) -> 5.258427 | L18: ='Raw data'!HX3 -> 15819 | M18: ='Raw data'!IA3 -> 3462 | N18: ='Raw data'!ID3 -> 4121 | O18: ='Raw data'!HY3 -> 2435 | P18: ='Raw data'!IB3 -> 2652 | Q18: ='Raw data'!IE3 -> 1723 | R18: ='Raw data'!HU21 -> 2104 | S18: =IF(OR(L18="",L17=""),"",(L18-L17)/L17*100) -> 5.8622767 | T18: =IF(OR(M18="",M17=""),"",(M18-M17)/M17*100) -> 6.7200986 | U18: =IF(OR(N18="",N17=""),"",(N18-N17)/N17*100) -> 47.865088
A19: 2019 | B19: ='Raw data'!IL3 -> 26829 | C19: ='Raw data'!IM3 -> 2573 | D19: ='Raw data'!IN3 -> 690419 | E19: =IF(B19="","",B19/B$5*100) -> 81.975678 | F19: =IF(C19="","",C19/C$5*100) -> 94.180088 | G19: =IF(D19="","",D19/D$5*100) -> 77.209508 | H19: =IF(OR(D19="",D18=""),"",(D19-D18)/D18*100) -> 25.973926 | I19: =IF(OR(B19="",B18=""),"",(B19-B18)/B18*100) -> 14.644048 | J19: =IF(OR(C19="",C18=""),"",(C19-C18)/C18*100) -> 9.8633646 | L19: ='Raw data'!IO3 -> 18150 | M19: ='Raw data'!IR3 -> 3844 | N19: ='Raw data'!IU3 -> 4835 | O19: ='Raw data'!IP3 -> 2567 | P19: ='Raw data'!IS3 -> 3634 | Q19: ='Raw data'!IV3 -> 1754 | R19: ='Raw data'!IL21 -> 1653 | S19: =IF(OR(L19="",L18=""),"",(L19-L18)/L18*100) -> 14.735445 | T19: =IF(OR(M19="",M18=""),"",(M19-M18)/M18*100) -> 11.034084 | U19: =IF(OR(N19="",N18=""),"",(N19-N18)/N18*100) -> 17.325892
A20: 2020 | B20: ='Raw data'!JC3 -> 23599 | C20: ='Raw data'!JD3 -> 2344 | D20: ='Raw data'!JE3 -> 553194 | E20: =IF(B20="","",B20/B$5*100) -> 72.106453 | F20: =IF(C20="","",C20/C$5*100) -> 85.79795 | G20: =IF(D20="","",D20/D$5*100) -> 61.863646 | H20: =IF(OR(D20="",D19=""),"",(D20-D19)/D19*100) -> -19.875612 | I20: =IF(OR(B20="",B19=""),"",(B20-B19)/B19*100) -> -12.039211 | J20: =IF(OR(C20="",C19=""),"",(C20-C19)/C19*100) -> -8.9001166 | L20: ='Raw data'!JF3 -> 16339 | M20: ='Raw data'!JI3 -> 3390 | N20: ='Raw data'!JL3 -> 3870 | O20: ='Raw data'!JG3 -> 2303 | P20: ='Raw data'!JJ3 -> 3524 | Q20: ='Raw data'!JM3 -> 1483 | R20: ='Raw data'!JC21 -> 1565 | S20: =IF(OR(L20="",L19=""),"",(L20-L19)/L19*100) -> -9.9779614 | T20: =IF(OR(M20="",M19=""),"",(M20-M19)/M19*100) -> -11.810614 | U20: =IF(OR(N20="",N19=""),"",(N20-N19)/N19*100) -> -19.958635
A21: 2021 | B21: ='Raw data'!JT3 -> 21745 | C21: ='Raw data'!JU3 -> 2552 | D21: ='Raw data'!JV3 -> 554893 | E21: =IF(B21="","",B21/B$5*100) -> 66.441579 | F21: =IF(C21="","",C21/C$5*100) -> 93.41142 | G21: =IF(D21="","",D21/D$5*100) -> 62.053645 | H21: =IF(OR(D21="",D20=""),"",(D21-D20)/D20*100) -> 0.30712553 | I21: =IF(OR(B21="",B20=""),"",(B21-B20)/B20*100) -> -7.8562651 | J21: =IF(OR(C21="",C20=""),"",(C21-C20)/C20*100) -> 8.8737201 | L21: ='Raw data'!JW3 -> 14266 | M21: ='Raw data'!JZ3 -> 3888 | N21: ='Raw data'!KC3 -> 3591 | O21: ='Raw data'!JX3 -> 2661 | P21: ='Raw data'!KA3 -> 3037 | Q21: ='Raw data'!KD3 -> 1591 | R21: ='Raw data'!JT21 -> 1732 | S21: =IF(OR(L21="",L20=""),"",(L21-L20)/L20*100) -> -12.687435 | T21: =IF(OR(M21="",M20=""),"",(M21-M20)/M20*100) -> 14.690265 | U21: =IF(OR(N21="",N20=""),"",(N21-N20)/N20*100) -> -7.2093023
A22: 2022 | B22: ='Raw data'!KK3 -> 20088 | C22: ='Raw data'!KL3 -> 2392 | D22: ='Raw data'!KM3 -> 480601 | E22: =IF(B22="","",B22/B$5*100) -> 61.378636 | F22: =IF(C22="","",C22/C$5*100) -> 87.554905 | G22: =IF(D22="","",D22/D$5*100) -> 53.745576 | H22: =IF(OR(D22="",D21=""),"",(D22-D21)/D21*100) -> -13.388527 | I22: =IF(OR(B22="",B21=""),"",(B22-B21)/B21*100) -> -7.6201426 | J22: =IF(OR(C22="",C21=""),"",(C22-C21)/C21*100) -> -6.2695925 | L22: ='Raw data'!KN3 -> 13017 | M22: ='Raw data'!KQ3 -> 3495 | N22: ='Raw data'!KT3 -> 3576 | O22: ='Raw data'!KO3 -> 2329 | P22: ='Raw data'!KR3 -> 3562 | Q22: ='Raw data'!KU3 -> 1479 | R22: ='Raw data'!KK21 -> 1759 | S22: =IF(OR(L22="",L21=""),"",(L22-L21)/L21*100) -> -8.755082 | T22: =IF(OR(M22="",M21=""),"",(M22-M21)/M21*100) -> -10.108025 | U22: =IF(OR(N22="",N21=""),"",(N22-N21)/N21*100) -> -0.41771094
A23: 2023 | B23: ='Raw data'!LB3 -> 22525 | C23: ='Raw data'!LC3 -> 2443 | D23: ='Raw data'!LD3 -> 550293 | E23: =IF(B23="","",B23/B$5*100) -> 68.824859 | F23: =IF(C23="","",C23/C$5*100) -> 89.421669 | G23: =IF(D23="","",D23/D$5*100) -> 61.539227 | H23: =IF(OR(D23="",D22=""),"",(D23-D22)/D22*100) -> 14.50101 | I23: =IF(OR(B23="",B22=""),"",(B23-B22)/B22*100) -> 12.131621 | J23: =IF(OR(C23="",C22=""),"",(C23-C22)/C22*100) -> 2.132107 | L23: ='Raw data'!LE3 -> 14699 | M23: ='Raw data'!LH3 -> 3835 | N23: ='Raw data'!LK3 -> 3992 | O23: ='Raw data'!LF3 -> 2436 | P23: ='Raw data'!LI3 -> 3304 | Q23: ='Raw data'!LL3 -> 1643 | R23: ='Raw data'!LB21 -> 1238 | S23: =IF(OR(L23="",L22=""),"",(L23-L22)/L22*100) -> 12.921564 | T23: =IF(OR(M23="",M22=""),"",(M23-M22)/M22*100) -> 9.7281831 | U23: =IF(OR(N23="",N22=""),"",(N23-N22)/N22*100) -> 11.63311
A24: 2024 | B24: ='Raw data'!LS3 -> 23969 | C24: ='Raw data'!LT3 -> 2474 | D24: ='Raw data'!LU3 -> 593017 | E24: =IF(B24="","",B24/B$5*100) -> 73.236984 | F24: =IF(C24="","",C24/C$5*100) -> 90.556369 | G24: =IF(D24="","",D24/D$5*100) -> 66.317049 | H24: =IF(OR(D24="",D23=""),"",(D24-D23)/D23*100) -> 7.763864 | I24: =IF(OR(B24="",B23=""),"",(B24-B23)/B23*100) -> 6.4106548 | J24: =IF(OR(C24="",C23=""),"",(C24-C23)/C23*100) -> 1.2689316 | L24: ='Raw data'!LV3 -> 15521 | M24: ='Raw data'!LY3 -> 3928 | N24: ='Raw data'!MB3 -> 4520 | O24: ='Raw data'!LW3 -> 2562 | P24: ='Raw data'!LZ3 -> 3218 | Q24: ='Raw data'!MC3 -> 1527 | R24: ='Raw data'!LS21 -> 1803 | S24: =IF(OR(L24="",L23=""),"",(L24-L23)/L23*100) -> 5.5922172 | T24: =IF(OR(M24="",M23=""),"",(M24-M23)/M23*100) -> 2.4250326 | U24: =IF(OR(N24="",N23=""),"",(N24-N23)/N23*100) -> 13.226453
A26: 시작연도 대비 전체 변화율(%) | B26: =(INDEX(B5:B24,COUNT(B5:B24))-B5)/B5*100 -> -26.763016 | C26: =(INDEX(C5:C24,COUNT(C5:C24))-C5)/C5*100 -> -9.443631 | D26: =(INDEX(D5:D24,COUNT(D5:D24))-D5)/D5*100 -> -33.682951 | E26: ← (최종연도 값 − 시작연도 값) ÷ 시작연도 값 × 100 (최종연도 = 자료가 있는 마지막 연도)
A28: 보고서 결과해석에 인용한 추가 계산 (모두 수식)
A29: 항목 | E29: 값 | F29: 해당 연도 | G29: 계산 방법
A30: 재배면적 최소값(ha) | E30: =MIN($B$5:$B$24) -> 20088 | F30: =INDEX($A$5:$A$24,MATCH(E30,$B$5:$B$24,0)) -> 2022 | G30: MIN(재배면적), 연도는 INDEX·MATCH
A31: 단수 최대값(kg/10a) | E31: =MAX($C$5:$C$24) -> 2943 | F31: =INDEX($A$5:$A$24,MATCH(E31,$C$5:$C$24,0)) -> 2008 | G31: MAX(단수)
A32: 총생산량 최소값(톤) | E32: =MIN($D$5:$D$24) -> 466755 | F32: =INDEX($A$5:$A$24,MATCH(E32,$D$5:$D$24,0)) -> 2017 | G32: MIN(총생산량)
A33: 일반봄감자 단수 최소값(kg/10a) | E33: =MIN($O$5:$O$24) -> 2152 | F33: =INDEX($A$5:$A$24,MATCH(E33,$O$5:$O$24,0)) -> 2017 | G33: MIN(일반봄감자 단수, O열)
A34: 전국 재배면적 감소량(ha) | E34: =B5-INDEX($B$5:$B$24,COUNT($D$5:$D$24)) -> 8759 | F34: =A5&"→"&INDEX($A$5:$A$24,COUNT($D$5:$D$24)) -> 2005→2024 | G34: 시작연도 값 − 최종연도 값
A35: 제주 재배면적 감소량(ha) | E35: =R5-INDEX($R$5:$R$24,COUNT($D$5:$D$24)) -> 4371 | F35: =A5&"→"&INDEX($A$5:$A$24,COUNT($D$5:$D$24)) -> 2005→2024 | G35: 시작연도 값 − 최종연도 값 (R열, 제주)
A36: 제주 감소량 ÷ 전국 감소량(%) | E36: =E35/E34*100 -> 49.902957 | F36: =A5&"→"&INDEX($A$5:$A$24,COUNT($D$5:$D$24)) -> 2005→2024 | G36: 제주 감소량 ÷ 전국 감소량 × 100
A37: 최종연도 면적으로 시작연도 생산량을 내는 데 필요한 단수(kg/10a) | E37: =D5/INDEX($B$5:$B$24,COUNT($D$5:$D$24))*100 -> 3730.7147 | F37: =A5&"→"&INDEX($A$5:$A$24,COUNT($D$5:$D$24)) -> 2005→2024 | G37: 시작연도 생산량(톤)×1000 ÷ (최종연도 면적(ha)×10)
A38: 필요 단수가 단수 최대값보다 높은 비율(%) | E38: =(E37/E31-1)*100 -> 26.765704 | G38: (필요 단수 ÷ 단수 최대값 − 1) × 100
A39: 일반봄감자 재배면적 전년 대비 변화율(%) | E39: =INDEX($S$5:$S$24,MATCH(F39,$A$5:$A$24,0)) -> -25.330671 | F39: 2006 | G39: S열(전년 대비 변화율)에서 해당 연도 값
A40: 가을감자 재배면적 전년 대비 변화율(%) | E40: =INDEX($U$5:$U$24,MATCH(F40,$A$5:$A$24,0)) -> -39.504092 | F40: 2006 | G40: U열(전년 대비 변화율)에서 해당 연도 값
A41: 가을감자 재배면적 전년 대비 변화율(%) | E41: =INDEX($U$5:$U$24,MATCH(F41,$A$5:$A$24,0)) -> -19.043659 | F41: 2011 | G41: U열(전년 대비 변화율)에서 해당 연도 값

Sheet 표 및 그래프
A1: 표 1. 요약표: 시작연도·5년 간격 연도·최종연도 (전국 감자)
A3: 구분 | B3: =분석!A5 -> 2005 | C3: =B3+5 -> 2010 | D3: =C3+5 -> 2015 | E3: =D3+5 -> 2020 | F3: =INDEX(분석!A5:A24,COUNT(분석!D5:D24)) -> 2024 | G3: 전체 변화율(%) (시작→최종)
A4: 재배면적(ha) | B4: =INDEX(분석!$B$5:$B$24,MATCH(B$3,분석!$A$5:$A$24,0)) -> 32728 | C4: =INDEX(분석!$B$5:$B$24,MATCH(C$3,분석!$A$5:$A$24,0)) -> 24913 | D4: =INDEX(분석!$B$5:$B$24,MATCH(D$3,분석!$A$5:$A$24,0)) -> 20234 | E4: =INDEX(분석!$B$5:$B$24,MATCH(E$3,분석!$A$5:$A$24,0)) -> 23599 | F4: =INDEX(분석!$B$5:$B$24,MATCH(F$3,분석!$A$5:$A$24,0)) -> 23969 | G4: =분석!B26 -> -26.763016
A5: 단수(kg/10a) | B5: =INDEX(분석!$C$5:$C$24,MATCH(B$3,분석!$A$5:$A$24,0)) -> 2732 | C5: =INDEX(분석!$C$5:$C$24,MATCH(C$3,분석!$A$5:$A$24,0)) -> 2475 | D5: =INDEX(분석!$C$5:$C$24,MATCH(D$3,분석!$A$5:$A$24,0)) -> 2658 | E5: =INDEX(분석!$C$5:$C$24,MATCH(E$3,분석!$A$5:$A$24,0)) -> 2344 | F5: =INDEX(분석!$C$5:$C$24,MATCH(F$3,분석!$A$5:$A$24,0)) -> 2474 | G5: =분석!C26 -> -9.443631
A6: 총생산량(톤) | B6: =INDEX(분석!$D$5:$D$24,MATCH(B$3,분석!$A$5:$A$24,0)) -> 894215 | C6: =INDEX(분석!$D$5:$D$24,MATCH(C$3,분석!$A$5:$A$24,0)) -> 616707 | D6: =INDEX(분석!$D$5:$D$24,MATCH(D$3,분석!$A$5:$A$24,0)) -> 537738 | E6: =INDEX(분석!$D$5:$D$24,MATCH(E$3,분석!$A$5:$A$24,0)) -> 553194 | F6: =INDEX(분석!$D$5:$D$24,MATCH(F$3,분석!$A$5:$A$24,0)) -> 593017 | G6: =분석!D26 -> -33.682951
A7: 재배면적 지수(2005=100) | B7: =INDEX(분석!$E$5:$E$24,MATCH(B$3,분석!$A$5:$A$24,0)) -> 100 | C7: =INDEX(분석!$E$5:$E$24,MATCH(C$3,분석!$A$5:$A$24,0)) -> 76.121364 | D7: =INDEX(분석!$E$5:$E$24,MATCH(D$3,분석!$A$5:$A$24,0)) -> 61.824737 | E7: =INDEX(분석!$E$5:$E$24,MATCH(E$3,분석!$A$5:$A$24,0)) -> 72.106453 | F7: =INDEX(분석!$E$5:$E$24,MATCH(F$3,분석!$A$5:$A$24,0)) -> 73.236984 | G7: -
A8: 단수 지수(2005=100) | B8: =INDEX(분석!$F$5:$F$24,MATCH(B$3,분석!$A$5:$A$24,0)) -> 100 | C8: =INDEX(분석!$F$5:$F$24,MATCH(C$3,분석!$A$5:$A$24,0)) -> 90.592972 | D8: =INDEX(분석!$F$5:$F$24,MATCH(D$3,분석!$A$5:$A$24,0)) -> 97.291362 | E8: =INDEX(분석!$F$5:$F$24,MATCH(E$3,분석!$A$5:$A$24,0)) -> 85.79795 | F8: =INDEX(분석!$F$5:$F$24,MATCH(F$3,분석!$A$5:$A$24,0)) -> 90.556369 | G8: -
A9: 생산량 지수(2005=100) | B9: =INDEX(분석!$G$5:$G$24,MATCH(B$3,분석!$A$5:$A$24,0)) -> 100 | C9: =INDEX(분석!$G$5:$G$24,MATCH(C$3,분석!$A$5:$A$24,0)) -> 68.9663 | D9: =INDEX(분석!$G$5:$G$24,MATCH(D$3,분석!$A$5:$A$24,0)) -> 60.135202 | E9: =INDEX(분석!$G$5:$G$24,MATCH(E$3,분석!$A$5:$A$24,0)) -> 61.863646 | F9: =INDEX(분석!$G$5:$G$24,MATCH(F$3,분석!$A$5:$A$24,0)) -> 66.317049 | G9: -
A10: ※ 전체 변화율(%) = (최종연도 값 − 시작연도 값) ÷ 시작연도 값 × 100, 지수 = 해당연도 값 ÷ 시작연도 값 × 100
A11: ※ 자료: 국가데이터처 KOSIS 「농작물생산조사」 통계표 '서류생산량(생서)'(감자 합계, 전국), 다운로드일 2026.10.10
A13: 표 2. 전년 대비 변화가 두드러진 연도
A14: 구분 | B14: 연도 | C14: 값
A15: 생산량 최대 감소율(%) | B15: =INDEX(분석!A6:A24,MATCH(C15,분석!H6:H24,0)) -> 2006 | C15: =MIN(분석!H6:H24) -> -29.425697
A16: 생산량 최대 증가율(%) | B16: =INDEX(분석!A6:A24,MATCH(C16,분석!H6:H24,0)) -> 2019 | C16: =MAX(분석!H6:H24) -> 25.973926
A17: 단수 최저값(kg/10a) | B17: =INDEX(분석!A5:A24,MATCH(C17,분석!C5:C24,0)) -> 2017 | C17: =MIN(분석!C5:C24) -> 2225
A18: 재배면적 최대 감소율(%) | B18: =INDEX(분석!A6:A24,MATCH(C18,분석!I6:I24,0)) -> 2006 | C18: =MIN(분석!I6:I24) -> -26.799682
