Workbook

Sheet 가격 Raw(지역)
A1: KAMIS 소매가격 일별 원자료 – 채소류, 토마토, 토마토, 상품, 1kg / 대전
A3: 날짜 | B3: 가격(원/1kg) | C3: 등락률(%) | D3: 원본 파일 번호
A4: 44925 | B4: 5603 | C4: 0 | D4: 7
A5: 44928 | B5: 5603 | C5: 0 | D5: 7
A6: 44929 | B6: 5603 | C6: 0 | D6: 7
A7: 44930 | B7: 5603 | C7: 0 | D7: 7
A8: 44931 | B8: 5603 | C8: 0 | D8: 7
A9: 44932 | B9: 5520 | C9: -1.48 | D9: 7
A10: 44935 | B10: 5520 | C10: 0 | D10: 7
A11: 44936 | B11: 5520 | C11: 0 | D11: 7
A12: 44937 | B12: 5520 | C12: 0 | D12: 7
A13: 44938 | B13: 5797 | C13: 5.02 | D13: 7
A14: 44939 | B14: 5797 | C14: 0 | D14: 7
A15: 44942 | B15: 5797 | C15: 0 | D15: 7
... A916: 46303 | B916: 8473 | C916: -1.85 | D916: 16

Sheet 가격 Raw(전국)
A1: KAMIS 소매가격 일별 원자료 – 채소류, 토마토, 토마토, 상품, 1kg / 전국 평균
A3: 날짜 | B3: 가격(원/1kg) | C3: 등락률(%) | D3: 원본 파일 번호
A4: 45351 | B4: 9075 | C4: 0 | D4: 1
A5: 45355 | B5: 9219 | C5: 1.59 | D5: 1
A6: 45356 | B6: 9076 | C6: -1.55 | D6: 1
A7: 45357 | B7: 9033 | C7: -0.47 | D7: 1
A8: 45358 | B8: 8814 | C8: -2.42 | D8: 1
A9: 45359 | B9: 8553 | C9: -2.96 | D9: 1
A10: 45362 | B10: 8633 | C10: 0.94 | D10: 1
A11: 45363 | B11: 8635 | C11: 0.02 | D11: 1
A12: 45364 | B12: 8650 | C12: 0.17 | D12: 1
A13: 45365 | B13: 8208 | C13: -5.11 | D13: 1
A14: 45366 | B14: 8164 | C14: -0.54 | D14: 1
A15: 45369 | B15: 7742 | C15: -5.17 | D15: 1
... A542: 46171 | B542: 4318 | C542: -0.58 | D542: 5

Sheet 기상 Raw
A1: (기상청 원자료를 이 시트에 붙여 넣습니다)

Sheet 분석
A1: 토마토 월평균 소매가격(대전)과 기상 비교 (2023년 10월~2026년 9월)
A2: 자료: KAMIS 농산물유통정보 소매가격(채소류·토마토·상품·1kg), 일별 가격을 월별 평균하여 산출 / 기상: 기상청(입력)
A4: 연월 | B4: 월 시작일 | C4: 월 말일 | D4: 월평균 소매가격 대전(원/kg) | E4: 조사일수 | F4: 전월 대비 변화율(%) | G4: 전년 동월 대비 변화율(%) | H4: 월평균 소매가격 전국(원/kg) | I4: 전국 조사일수 | J4: 월평균기온 (℃) | K4: 월강수량 (mm) | L4: 월일조시간 (hr) | N4: 표 1. 1년 구간별 월평균 소매가격 요약
A5: 2023.10 | B5: 45200 | C5: =EOMONTH(B5,0) | D5: =IFERROR(AVERAGEIFS('가격 Raw(지역)'!$B$4:$B$916,'가격 Raw(지역)'!$A$4:$A$916,">="&B5,'가격 Raw(지역)'!$A$4:$A$916,"<="&C5),"") | E5: =COUNTIFS('가격 Raw(지역)'!$A$4:$A$916,">="&B5,'가격 Raw(지역)'!$A$4:$A$916,"<="&C5) | F5: - | G5: - | H5: =IF(I5<10,"",AVERAGEIFS('가격 Raw(전국)'!$B$4:$B$542,'가격 Raw(전국)'!$A$4:$A$542,">="&B5,'가격 Raw(전국)'!$A$4:$A$542,"<="&C5)) | I5: =COUNTIFS('가격 Raw(전국)'!$A$4:$A$542,">="&B5,'가격 Raw(전국)'!$A$4:$A$542,"<="&C5) | N5: 구간 | O5: 평균(원/kg) | P5: 최고 월 | Q5: 최고(원/kg) | R5: 최저 월 | S5: 최저(원/kg)
A6: 2023.11 | B6: 45231 | C6: =EOMONTH(B6,0) | D6: =IFERROR(AVERAGEIFS('가격 Raw(지역)'!$B$4:$B$916,'가격 Raw(지역)'!$A$4:$A$916,">="&B6,'가격 Raw(지역)'!$A$4:$A$916,"<="&C6),"") | E6: =COUNTIFS('가격 Raw(지역)'!$A$4:$A$916,">="&B6,'가격 Raw(지역)'!$A$4:$A$916,"<="&C6) | F6: =IF(OR(D6="",D5=""),"",(D6-D5)/D5*100) | G6: - | H6: =IF(I6<10,"",AVERAGEIFS('가격 Raw(전국)'!$B$4:$B$542,'가격 Raw(전국)'!$A$4:$A$542,">="&B6,'가격 Raw(전국)'!$A$4:$A$542,"<="&C6)) | I6: =COUNTIFS('가격 Raw(전국)'!$A$4:$A$542,">="&B6,'가격 Raw(전국)'!$A$4:$A$542,"<="&C6) | N6: 2023.10~2024.09 | O6: =AVERAGE(D5:D16) | P6: =INDEX(A5:A16,MATCH(MAX(D5:D16),D5:D16,0)) | Q6: =MAX(D5:D16) | R6: =INDEX(A5:A16,MATCH(MIN(D5:D16),D5:D16,0)) | S6: =MIN(D5:D16)
A7: 2023.12 | B7: 45261 | C7: =EOMONTH(B7,0) | D7: =IFERROR(AVERAGEIFS('가격 Raw(지역)'!$B$4:$B$916,'가격 Raw(지역)'!$A$4:$A$916,">="&B7,'가격 Raw(지역)'!$A$4:$A$916,"<="&C7),"") | E7: =COUNTIFS('가격 Raw(지역)'!$A$4:$A$916,">="&B7,'가격 Raw(지역)'!$A$4:$A$916,"<="&C7) | F7: =IF(OR(D7="",D6=""),"",(D7-D6)/D6*100) | G7: - | H7: =IF(I7<10,"",AVERAGEIFS('가격 Raw(전국)'!$B$4:$B$542,'가격 Raw(전국)'!$A$4:$A$542,">="&B7,'가격 Raw(전국)'!$A$4:$A$542,"<="&C7)) | I7: =COUNTIFS('가격 Raw(전국)'!$A$4:$A$542,">="&B7,'가격 Raw(전국)'!$A$4:$A$542,"<="&C7) | N7: 2024.10~2025.09 | O7: =AVERAGE(D17:D28) | P7: =INDEX(A17:A28,MATCH(MAX(D17:D28),D17:D28,0)) | Q7: =MAX(D17:D28) | R7: =INDEX(A17:A28,MATCH(MIN(D17:D28),D17:D28,0)) | S7: =MIN(D17:D28)
A8: 2024.01 | B8: 45292 | C8: =EOMONTH(B8,0) | D8: =IFERROR(AVERAGEIFS('가격 Raw(지역)'!$B$4:$B$916,'가격 Raw(지역)'!$A$4:$A$916,">="&B8,'가격 Raw(지역)'!$A$4:$A$916,"<="&C8),"") | E8: =COUNTIFS('가격 Raw(지역)'!$A$4:$A$916,">="&B8,'가격 Raw(지역)'!$A$4:$A$916,"<="&C8) | F8: =IF(OR(D8="",D7=""),"",(D8-D7)/D7*100) | G8: - | H8: =IF(I8<10,"",AVERAGEIFS('가격 Raw(전국)'!$B$4:$B$542,'가격 Raw(전국)'!$A$4:$A$542,">="&B8,'가격 Raw(전국)'!$A$4:$A$542,"<="&C8)) | I8: =COUNTIFS('가격 Raw(전국)'!$A$4:$A$542,">="&B8,'가격 Raw(전국)'!$A$4:$A$542,"<="&C8) | N8: 2025.10~2026.09 | O8: =AVERAGE(D29:D40) | P8: =INDEX(A29:A40,MATCH(MAX(D29:D40),D29:D40,0)) | Q8: =MAX(D29:D40) | R8: =INDEX(A29:A40,MATCH(MIN(D29:D40),D29:D40,0)) | S8: =MIN(D29:D40)
A9: 2024.02 | B9: 45323 | C9: =EOMONTH(B9,0) | D9: =IFERROR(AVERAGEIFS('가격 Raw(지역)'!$B$4:$B$916,'가격 Raw(지역)'!$A$4:$A$916,">="&B9,'가격 Raw(지역)'!$A$4:$A$916,"<="&C9),"") | E9: =COUNTIFS('가격 Raw(지역)'!$A$4:$A$916,">="&B9,'가격 Raw(지역)'!$A$4:$A$916,"<="&C9) | F9: =IF(OR(D9="",D8=""),"",(D9-D8)/D8*100) | G9: - | H9: =IF(I9<10,"",AVERAGEIFS('가격 Raw(전국)'!$B$4:$B$542,'가격 Raw(전국)'!$A$4:$A$542,">="&B9,'가격 Raw(전국)'!$A$4:$A$542,"<="&C9)) | I9: =COUNTIFS('가격 Raw(전국)'!$A$4:$A$542,">="&B9,'가격 Raw(전국)'!$A$4:$A$542,"<="&C9) | N9: 전체 36개월 | O9: =AVERAGE(D5:D40) | P9: =INDEX(A5:A40,MATCH(MAX(D5:D40),D5:D40,0)) | Q9: =MAX(D5:D40) | R9: =INDEX(A5:A40,MATCH(MIN(D5:D40),D5:D40,0)) | S9: =MIN(D5:D40)
A10: 2024.03 | B10: 45352 | C10: =EOMONTH(B10,0) | D10: =IFERROR(AVERAGEIFS('가격 Raw(지역)'!$B$4:$B$916,'가격 Raw(지역)'!$A$4:$A$916,">="&B10,'가격 Raw(지역)'!$A$4:$A$916,"<="&C10),"") | E10: =COUNTIFS('가격 Raw(지역)'!$A$4:$A$916,">="&B10,'가격 Raw(지역)'!$A$4:$A$916,"<="&C10) | F10: =IF(OR(D10="",D9=""),"",(D10-D9)/D9*100) | G10: - | H10: =IF(I10<10,"",AVERAGEIFS('가격 Raw(전국)'!$B$4:$B$542,'가격 Raw(전국)'!$A$4:$A$542,">="&B10,'가격 Raw(전국)'!$A$4:$A$542,"<="&C10)) | I10: =COUNTIFS('가격 Raw(전국)'!$A$4:$A$542,">="&B10,'가격 Raw(전국)'!$A$4:$A$542,"<="&C10)
A11: 2024.04 | B11: 45383 | C11: =EOMONTH(B11,0) | D11: =IFERROR(AVERAGEIFS('가격 Raw(지역)'!$B$4:$B$916,'가격 Raw(지역)'!$A$4:$A$916,">="&B11,'가격 Raw(지역)'!$A$4:$A$916,"<="&C11),"") | E11: =COUNTIFS('가격 Raw(지역)'!$A$4:$A$916,">="&B11,'가격 Raw(지역)'!$A$4:$A$916,"<="&C11) | F11: =IF(OR(D11="",D10=""),"",(D11-D10)/D10*100) | G11: - | H11: =IF(I11<10,"",AVERAGEIFS('가격 Raw(전국)'!$B$4:$B$542,'가격 Raw(전국)'!$A$4:$A$542,">="&B11,'가격 Raw(전국)'!$A$4:$A$542,"<="&C11)) | I11: =COUNTIFS('가격 Raw(전국)'!$A$4:$A$542,">="&B11,'가격 Raw(전국)'!$A$4:$A$542,"<="&C11) | N11: 표 2. 달(月)별 3년 비교와 평균 (원/kg)
A12: 2024.05 | B12: 45413 | C12: =EOMONTH(B12,0) | D12: =IFERROR(AVERAGEIFS('가격 Raw(지역)'!$B$4:$B$916,'가격 Raw(지역)'!$A$4:$A$916,">="&B12,'가격 Raw(지역)'!$A$4:$A$916,"<="&C12),"") | E12: =COUNTIFS('가격 Raw(지역)'!$A$4:$A$916,">="&B12,'가격 Raw(지역)'!$A$4:$A$916,"<="&C12) | F12: =IF(OR(D12="",D11=""),"",(D12-D11)/D11*100) | G12: - | H12: =IF(I12<10,"",AVERAGEIFS('가격 Raw(전국)'!$B$4:$B$542,'가격 Raw(전국)'!$A$4:$A$542,">="&B12,'가격 Raw(전국)'!$A$4:$A$542,"<="&C12)) | I12: =COUNTIFS('가격 Raw(전국)'!$A$4:$A$542,">="&B12,'가격 Raw(전국)'!$A$4:$A$542,"<="&C12) | N12: 월 | O12: 2023.10~24.09 | P12: 2024.10~25.09 | Q12: 2025.10~26.09 | R12: 3년 평균
A13: 2024.06 | B13: 45444 | C13: =EOMONTH(B13,0) | D13: =IFERROR(AVERAGEIFS('가격 Raw(지역)'!$B$4:$B$916,'가격 Raw(지역)'!$A$4:$A$916,">="&B13,'가격 Raw(지역)'!$A$4:$A$916,"<="&C13),"") | E13: =COUNTIFS('가격 Raw(지역)'!$A$4:$A$916,">="&B13,'가격 Raw(지역)'!$A$4:$A$916,"<="&C13) | F13: =IF(OR(D13="",D12=""),"",(D13-D12)/D12*100) | G13: - | H13: =IF(I13<10,"",AVERAGEIFS('가격 Raw(전국)'!$B$4:$B$542,'가격 Raw(전국)'!$A$4:$A$542,">="&B13,'가격 Raw(전국)'!$A$4:$A$542,"<="&C13)) | I13: =COUNTIFS('가격 Raw(전국)'!$A$4:$A$542,">="&B13,'가격 Raw(전국)'!$A$4:$A$542,"<="&C13) | N13: 10월 | O13: =D5 | P13: =D17 | Q13: =D29 | R13: =AVERAGE(O13:Q13)
A14: 2024.07 | B14: 45474 | C14: =EOMONTH(B14,0) | D14: =IFERROR(AVERAGEIFS('가격 Raw(지역)'!$B$4:$B$916,'가격 Raw(지역)'!$A$4:$A$916,">="&B14,'가격 Raw(지역)'!$A$4:$A$916,"<="&C14),"") | E14: =COUNTIFS('가격 Raw(지역)'!$A$4:$A$916,">="&B14,'가격 Raw(지역)'!$A$4:$A$916,"<="&C14) | F14: =IF(OR(D14="",D13=""),"",(D14-D13)/D13*100) | G14: - | H14: =IF(I14<10,"",AVERAGEIFS('가격 Raw(전국)'!$B$4:$B$542,'가격 Raw(전국)'!$A$4:$A$542,">="&B14,'가격 Raw(전국)'!$A$4:$A$542,"<="&C14)) | I14: =COUNTIFS('가격 Raw(전국)'!$A$4:$A$542,">="&B14,'가격 Raw(전국)'!$A$4:$A$542,"<="&C14) | N14: 11월 | O14: =D6 | P14: =D18 | Q14: =D30 | R14: =AVERAGE(O14:Q14)
A15: 2024.08 | B15: 45505 | C15: =EOMONTH(B15,0) | D15: =IFERROR(AVERAGEIFS('가격 Raw(지역)'!$B$4:$B$916,'가격 Raw(지역)'!$A$4:$A$916,">="&B15,'가격 Raw(지역)'!$A$4:$A$916,"<="&C15),"") | E15: =COUNTIFS('가격 Raw(지역)'!$A$4:$A$916,">="&B15,'가격 Raw(지역)'!$A$4:$A$916,"<="&C15) | F15: =IF(OR(D15="",D14=""),"",(D15-D14)/D14*100) | G15: - | H15: =IF(I15<10,"",AVERAGEIFS('가격 Raw(전국)'!$B$4:$B$542,'가격 Raw(전국)'!$A$4:$A$542,">="&B15,'가격 Raw(전국)'!$A$4:$A$542,"<="&C15)) | I15: =COUNTIFS('가격 Raw(전국)'!$A$4:$A$542,">="&B15,'가격 Raw(전국)'!$A$4:$A$542,"<="&C15) | N15: 12월 | O15: =D7 | P15: =D19 | Q15: =D31 | R15: =AVERAGE(O15:Q15)
A16: 2024.09 | B16: 45536 | C16: =EOMONTH(B16,0) | D16: =IFERROR(AVERAGEIFS('가격 Raw(지역)'!$B$4:$B$916,'가격 Raw(지역)'!$A$4:$A$916,">="&B16,'가격 Raw(지역)'!$A$4:$A$916,"<="&C16),"") | E16: =COUNTIFS('가격 Raw(지역)'!$A$4:$A$916,">="&B16,'가격 Raw(지역)'!$A$4:$A$916,"<="&C16) | F16: =IF(OR(D16="",D15=""),"",(D16-D15)/D15*100) | G16: - | H16: =IF(I16<10,"",AVERAGEIFS('가격 Raw(전국)'!$B$4:$B$542,'가격 Raw(전국)'!$A$4:$A$542,">="&B16,'가격 Raw(전국)'!$A$4:$A$542,"<="&C16)) | I16: =COUNTIFS('가격 Raw(전국)'!$A$4:$A$542,">="&B16,'가격 Raw(전국)'!$A$4:$A$542,"<="&C16) | N16: 1월 | O16: =D8 | P16: =D20 | Q16: =D32 | R16: =AVERAGE(O16:Q16)
A17: 2024.10 | B17: 45566 | C17: =EOMONTH(B17,0) | D17: =IFERROR(AVERAGEIFS('가격 Raw(지역)'!$B$4:$B$916,'가격 Raw(지역)'!$A$4:$A$916,">="&B17,'가격 Raw(지역)'!$A$4:$A$916,"<="&C17),"") | E17: =COUNTIFS('가격 Raw(지역)'!$A$4:$A$916,">="&B17,'가격 Raw(지역)'!$A$4:$A$916,"<="&C17) | F17: =IF(OR(D17="",D16=""),"",(D17-D16)/D16*100) | G17: =IF(OR(D17="",D5=""),"",(D17-D5)/D5*100) | H17: =IF(I17<10,"",AVERAGEIFS('가격 Raw(전국)'!$B$4:$B$542,'가격 Raw(전국)'!$A$4:$A$542,">="&B17,'가격 Raw(전국)'!$A$4:$A$542,"<="&C17)) | I17: =COUNTIFS('가격 Raw(전국)'!$A$4:$A$542,">="&B17,'가격 Raw(전국)'!$A$4:$A$542,"<="&C17) | N17: 2월 | O17: =D9 | P17: =D21 | Q17: =D33 | R17: =AVERAGE(O17:Q17)
A18: 2024.11 | B18: 45597 | C18: =EOMONTH(B18,0) | D18: =IFERROR(AVERAGEIFS('가격 Raw(지역)'!$B$4:$B$916,'가격 Raw(지역)'!$A$4:$A$916,">="&B18,'가격 Raw(지역)'!$A$4:$A$916,"<="&C18),"") | E18: =COUNTIFS('가격 Raw(지역)'!$A$4:$A$916,">="&B18,'가격 Raw(지역)'!$A$4:$A$916,"<="&C18) | F18: =IF(OR(D18="",D17=""),"",(D18-D17)/D17*100) | G18: =IF(OR(D18="",D6=""),"",(D18-D6)/D6*100) | H18: =IF(I18<10,"",AVERAGEIFS('가격 Raw(전국)'!$B$4:$B$542,'가격 Raw(전국)'!$A$4:$A$542,">="&B18,'가격 Raw(전국)'!$A$4:$A$542,"<="&C18)) | I18: =COUNTIFS('가격 Raw(전국)'!$A$4:$A$542,">="&B18,'가격 Raw(전국)'!$A$4:$A$542,"<="&C18) | N18: 3월 | O18: =D10 | P18: =D22 | Q18: =D34 | R18: =AVERAGE(O18:Q18)
A19: 2024.12 | B19: 45627 | C19: =EOMONTH(B19,0) | D19: =IFERROR(AVERAGEIFS('가격 Raw(지역)'!$B$4:$B$916,'가격 Raw(지역)'!$A$4:$A$916,">="&B19,'가격 Raw(지역)'!$A$4:$A$916,"<="&C19),"") | E19: =COUNTIFS('가격 Raw(지역)'!$A$4:$A$916,">="&B19,'가격 Raw(지역)'!$A$4:$A$916,"<="&C19) | F19: =IF(OR(D19="",D18=""),"",(D19-D18)/D18*100) | G19: =IF(OR(D19="",D7=""),"",(D19-D7)/D7*100) | H19: =IF(I19<10,"",AVERAGEIFS('가격 Raw(전국)'!$B$4:$B$542,'가격 Raw(전국)'!$A$4:$A$542,">="&B19,'가격 Raw(전국)'!$A$4:$A$542,"<="&C19)) | I19: =COUNTIFS('가격 Raw(전국)'!$A$4:$A$542,">="&B19,'가격 Raw(전국)'!$A$4:$A$542,"<="&C19) | N19: 4월 | O19: =D11 | P19: =D23 | Q19: =D35 | R19: =AVERAGE(O19:Q19)
A20: 2025.01 | B20: 45658 | C20: =EOMONTH(B20,0) | D20: =IFERROR(AVERAGEIFS('가격 Raw(지역)'!$B$4:$B$916,'가격 Raw(지역)'!$A$4:$A$916,">="&B20,'가격 Raw(지역)'!$A$4:$A$916,"<="&C20),"") | E20: =COUNTIFS('가격 Raw(지역)'!$A$4:$A$916,">="&B20,'가격 Raw(지역)'!$A$4:$A$916,"<="&C20) | F20: =IF(OR(D20="",D19=""),"",(D20-D19)/D19*100) | G20: =IF(OR(D20="",D8=""),"",(D20-D8)/D8*100) | H20: =IF(I20<10,"",AVERAGEIFS('가격 Raw(전국)'!$B$4:$B$542,'가격 Raw(전국)'!$A$4:$A$542,">="&B20,'가격 Raw(전국)'!$A$4:$A$542,"<="&C20)) | I20: =COUNTIFS('가격 Raw(전국)'!$A$4:$A$542,">="&B20,'가격 Raw(전국)'!$A$4:$A$542,"<="&C20) | N20: 5월 | O20: =D12 | P20: =D24 | Q20: =D36 | R20: =AVERAGE(O20:Q20)
A21: 2025.02 | B21: 45689 | C21: =EOMONTH(B21,0) | D21: =IFERROR(AVERAGEIFS('가격 Raw(지역)'!$B$4:$B$916,'가격 Raw(지역)'!$A$4:$A$916,">="&B21,'가격 Raw(지역)'!$A$4:$A$916,"<="&C21),"") | E21: =COUNTIFS('가격 Raw(지역)'!$A$4:$A$916,">="&B21,'가격 Raw(지역)'!$A$4:$A$916,"<="&C21) | F21: =IF(OR(D21="",D20=""),"",(D21-D20)/D20*100) | G21: =IF(OR(D21="",D9=""),"",(D21-D9)/D9*100) | H21: =IF(I21<10,"",AVERAGEIFS('가격 Raw(전국)'!$B$4:$B$542,'가격 Raw(전국)'!$A$4:$A$542,">="&B21,'가격 Raw(전국)'!$A$4:$A$542,"<="&C21)) | I21: =COUNTIFS('가격 Raw(전국)'!$A$4:$A$542,">="&B21,'가격 Raw(전국)'!$A$4:$A$542,"<="&C21) | N21: 6월 | O21: =D13 | P21: =D25 | Q21: =D37 | R21: =AVERAGE(O21:Q21)
A22: 2025.03 | B22: 45717 | C22: =EOMONTH(B22,0) | D22: =IFERROR(AVERAGEIFS('가격 Raw(지역)'!$B$4:$B$916,'가격 Raw(지역)'!$A$4:$A$916,">="&B22,'가격 Raw(지역)'!$A$4:$A$916,"<="&C22),"") | E22: =COUNTIFS('가격 Raw(지역)'!$A$4:$A$916,">="&B22,'가격 Raw(지역)'!$A$4:$A$916,"<="&C22) | F22: =IF(OR(D22="",D21=""),"",(D22-D21)/D21*100) | G22: =IF(OR(D22="",D10=""),"",(D22-D10)/D10*100) | H22: =IF(I22<10,"",AVERAGEIFS('가격 Raw(전국)'!$B$4:$B$542,'가격 Raw(전국)'!$A$4:$A$542,">="&B22,'가격 Raw(전국)'!$A$4:$A$542,"<="&C22)) | I22: =COUNTIFS('가격 Raw(전국)'!$A$4:$A$542,">="&B22,'가격 Raw(전국)'!$A$4:$A$542,"<="&C22) | N22: 7월 | O22: =D14 | P22: =D26 | Q22: =D38 | R22: =AVERAGE(O22:Q22)
A23: 2025.04 | B23: 45748 | C23: =EOMONTH(B23,0) | D23: =IFERROR(AVERAGEIFS('가격 Raw(지역)'!$B$4:$B$916,'가격 Raw(지역)'!$A$4:$A$916,">="&B23,'가격 Raw(지역)'!$A$4:$A$916,"<="&C23),"") | E23: =COUNTIFS('가격 Raw(지역)'!$A$4:$A$916,">="&B23,'가격 Raw(지역)'!$A$4:$A$916,"<="&C23) | F23: =IF(OR(D23="",D22=""),"",(D23-D22)/D22*100) | G23: =IF(OR(D23="",D11=""),"",(D23-D11)/D11*100) | H23: =IF(I23<10,"",AVERAGEIFS('가격 Raw(전국)'!$B$4:$B$542,'가격 Raw(전국)'!$A$4:$A$542,">="&B23,'가격 Raw(전국)'!$A$4:$A$542,"<="&C23)) | I23: =COUNTIFS('가격 Raw(전국)'!$A$4:$A$542,">="&B23,'가격 Raw(전국)'!$A$4:$A$542,"<="&C23) | N23: 8월 | O23: =D15 | P23: =D27 | Q23: =D39 | R23: =AVERAGE(O23:Q23)
A24: 2025.05 | B24: 45778 | C24: =EOMONTH(B24,0) | D24: =IFERROR(AVERAGEIFS('가격 Raw(지역)'!$B$4:$B$916,'가격 Raw(지역)'!$A$4:$A$916,">="&B24,'가격 Raw(지역)'!$A$4:$A$916,"<="&C24),"") | E24: =COUNTIFS('가격 Raw(지역)'!$A$4:$A$916,">="&B24,'가격 Raw(지역)'!$A$4:$A$916,"<="&C24) | F24: =IF(OR(D24="",D23=""),"",(D24-D23)/D23*100) | G24: =IF(OR(D24="",D12=""),"",(D24-D12)/D12*100) | H24: =IF(I24<10,"",AVERAGEIFS('가격 Raw(전국)'!$B$4:$B$542,'가격 Raw(전국)'!$A$4:$A$542,">="&B24,'가격 Raw(전국)'!$A$4:$A$542,"<="&C24)) | I24: =COUNTIFS('가격 Raw(전국)'!$A$4:$A$542,">="&B24,'가격 Raw(전국)'!$A$4:$A$542,"<="&C24) | N24: 9월 | O24: =D16 | P24: =D28 | Q24: =D40 | R24: =AVERAGE(O24:Q24)
A25: 2025.06 | B25: 45809 | C25: =EOMONTH(B25,0) | D25: =IFERROR(AVERAGEIFS('가격 Raw(지역)'!$B$4:$B$916,'가격 Raw(지역)'!$A$4:$A$916,">="&B25,'가격 Raw(지역)'!$A$4:$A$916,"<="&C25),"") | E25: =COUNTIFS('가격 Raw(지역)'!$A$4:$A$916,">="&B25,'가격 Raw(지역)'!$A$4:$A$916,"<="&C25) | F25: =IF(OR(D25="",D24=""),"",(D25-D24)/D24*100) | G25: =IF(OR(D25="",D13=""),"",(D25-D13)/D13*100) | H25: =IF(I25<10,"",AVERAGEIFS('가격 Raw(전국)'!$B$4:$B$542,'가격 Raw(전국)'!$A$4:$A$542,">="&B25,'가격 Raw(전국)'!$A$4:$A$542,"<="&C25)) | I25: =COUNTIFS('가격 Raw(전국)'!$A$4:$A$542,">="&B25,'가격 Raw(전국)'!$A$4:$A$542,"<="&C25)
A26: 2025.07 | B26: 45839 | C26: =EOMONTH(B26,0) | D26: =IFERROR(AVERAGEIFS('가격 Raw(지역)'!$B$4:$B$916,'가격 Raw(지역)'!$A$4:$A$916,">="&B26,'가격 Raw(지역)'!$A$4:$A$916,"<="&C26),"") | E26: =COUNTIFS('가격 Raw(지역)'!$A$4:$A$916,">="&B26,'가격 Raw(지역)'!$A$4:$A$916,"<="&C26) | F26: =IF(OR(D26="",D25=""),"",(D26-D25)/D25*100) | G26: =IF(OR(D26="",D14=""),"",(D26-D14)/D14*100) | H26: =IF(I26<10,"",AVERAGEIFS('가격 Raw(전국)'!$B$4:$B$542,'가격 Raw(전국)'!$A$4:$A$542,">="&B26,'가격 Raw(전국)'!$A$4:$A$542,"<="&C26)) | I26: =COUNTIFS('가격 Raw(전국)'!$A$4:$A$542,">="&B26,'가격 Raw(전국)'!$A$4:$A$542,"<="&C26) | N26: 표 3. 가격과 기상의 상관계수(피어슨 r) – 기상 자료 입력 후 계산
A27: 2025.08 | B27: 45870 | C27: =EOMONTH(B27,0) | D27: =IFERROR(AVERAGEIFS('가격 Raw(지역)'!$B$4:$B$916,'가격 Raw(지역)'!$A$4:$A$916,">="&B27,'가격 Raw(지역)'!$A$4:$A$916,"<="&C27),"") | E27: =COUNTIFS('가격 Raw(지역)'!$A$4:$A$916,">="&B27,'가격 Raw(지역)'!$A$4:$A$916,"<="&C27) | F27: =IF(OR(D27="",D26=""),"",(D27-D26)/D26*100) | G27: =IF(OR(D27="",D15=""),"",(D27-D15)/D15*100) | H27: =IF(I27<10,"",AVERAGEIFS('가격 Raw(전국)'!$B$4:$B$542,'가격 Raw(전국)'!$A$4:$A$542,">="&B27,'가격 Raw(전국)'!$A$4:$A$542,"<="&C27)) | I27: =COUNTIFS('가격 Raw(전국)'!$A$4:$A$542,">="&B27,'가격 Raw(전국)'!$A$4:$A$542,"<="&C27) | N27: 기상 요소 | O27: 같은 달 | P27: 1개월 전 기상 | Q27: 2개월 전 기상
A28: 2025.09 | B28: 45901 | C28: =EOMONTH(B28,0) | D28: =IFERROR(AVERAGEIFS('가격 Raw(지역)'!$B$4:$B$916,'가격 Raw(지역)'!$A$4:$A$916,">="&B28,'가격 Raw(지역)'!$A$4:$A$916,"<="&C28),"") | E28: =COUNTIFS('가격 Raw(지역)'!$A$4:$A$916,">="&B28,'가격 Raw(지역)'!$A$4:$A$916,"<="&C28) | F28: =IF(OR(D28="",D27=""),"",(D28-D27)/D27*100) | G28: =IF(OR(D28="",D16=""),"",(D28-D16)/D16*100) | H28: =IF(I28<10,"",AVERAGEIFS('가격 Raw(전국)'!$B$4:$B$542,'가격 Raw(전국)'!$A$4:$A$542,">="&B28,'가격 Raw(전국)'!$A$4:$A$542,"<="&C28)) | I28: =COUNTIFS('가격 Raw(전국)'!$A$4:$A$542,">="&B28,'가격 Raw(전국)'!$A$4:$A$542,"<="&C28) | N28: 월평균기온 | O28: =IFERROR(CORREL(D5:D40,J5:J40),"") | P28: =IFERROR(CORREL(D6:D40,J5:J39),"") | Q28: =IFERROR(CORREL(D7:D40,J5:J38),"")
A29: 2025.10 | B29: 45931 | C29: =EOMONTH(B29,0) | D29: =IFERROR(AVERAGEIFS('가격 Raw(지역)'!$B$4:$B$916,'가격 Raw(지역)'!$A$4:$A$916,">="&B29,'가격 Raw(지역)'!$A$4:$A$916,"<="&C29),"") | E29: =COUNTIFS('가격 Raw(지역)'!$A$4:$A$916,">="&B29,'가격 Raw(지역)'!$A$4:$A$916,"<="&C29) | F29: =IF(OR(D29="",D28=""),"",(D29-D28)/D28*100) | G29: =IF(OR(D29="",D17=""),"",(D29-D17)/D17*100) | H29: =IF(I29<10,"",AVERAGEIFS('가격 Raw(전국)'!$B$4:$B$542,'가격 Raw(전국)'!$A$4:$A$542,">="&B29,'가격 Raw(전국)'!$A$4:$A$542,"<="&C29)) | I29: =COUNTIFS('가격 Raw(전국)'!$A$4:$A$542,">="&B29,'가격 Raw(전국)'!$A$4:$A$542,"<="&C29) | N29: 월강수량 | O29: =IFERROR(CORREL(D5:D40,K5:K40),"") | P29: =IFERROR(CORREL(D6:D40,K5:K39),"") | Q29: =IFERROR(CORREL(D7:D40,K5:K38),"")
A30: 2025.11 | B30: 45962 | C30: =EOMONTH(B30,0) | D30: =IFERROR(AVERAGEIFS('가격 Raw(지역)'!$B$4:$B$916,'가격 Raw(지역)'!$A$4:$A$916,">="&B30,'가격 Raw(지역)'!$A$4:$A$916,"<="&C30),"") | E30: =COUNTIFS('가격 Raw(지역)'!$A$4:$A$916,">="&B30,'가격 Raw(지역)'!$A$4:$A$916,"<="&C30) | F30: =IF(OR(D30="",D29=""),"",(D30-D29)/D29*100) | G30: =IF(OR(D30="",D18=""),"",(D30-D18)/D18*100) | H30: =IF(I30<10,"",AVERAGEIFS('가격 Raw(전국)'!$B$4:$B$542,'가격 Raw(전국)'!$A$4:$A$542,">="&B30,'가격 Raw(전국)'!$A$4:$A$542,"<="&C30)) | I30: =COUNTIFS('가격 Raw(전국)'!$A$4:$A$542,">="&B30,'가격 Raw(전국)'!$A$4:$A$542,"<="&C30) | N30: 월일조시간 | O30: =IFERROR(CORREL(D5:D40,L5:L40),"") | P30: =IFERROR(CORREL(D6:D40,L5:L39),"") | Q30: =IFERROR(CORREL(D7:D40,L5:L38),"")
A31: 2025.12 | B31: 45992 | C31: =EOMONTH(B31,0) | D31: =IFERROR(AVERAGEIFS('가격 Raw(지역)'!$B$4:$B$916,'가격 Raw(지역)'!$A$4:$A$916,">="&B31,'가격 Raw(지역)'!$A$4:$A$916,"<="&C31),"") | E31: =COUNTIFS('가격 Raw(지역)'!$A$4:$A$916,">="&B31,'가격 Raw(지역)'!$A$4:$A$916,"<="&C31) | F31: =IF(OR(D31="",D30=""),"",(D31-D30)/D30*100) | G31: =IF(OR(D31="",D19=""),"",(D31-D19)/D19*100) | H31: =IF(I31<10,"",AVERAGEIFS('가격 Raw(전국)'!$B$4:$B$542,'가격 Raw(전국)'!$A$4:$A$542,">="&B31,'가격 Raw(전국)'!$A$4:$A$542,"<="&C31)) | I31: =COUNTIFS('가격 Raw(전국)'!$A$4:$A$542,">="&B31,'가격 Raw(전국)'!$A$4:$A$542,"<="&C31)
A32: 2026.01 | B32: 46023 | C32: =EOMONTH(B32,0) | D32: =IFERROR(AVERAGEIFS('가격 Raw(지역)'!$B$4:$B$916,'가격 Raw(지역)'!$A$4:$A$916,">="&B32,'가격 Raw(지역)'!$A$4:$A$916,"<="&C32),"") | E32: =COUNTIFS('가격 Raw(지역)'!$A$4:$A$916,">="&B32,'가격 Raw(지역)'!$A$4:$A$916,"<="&C32) | F32: =IF(OR(D32="",D31=""),"",(D32-D31)/D31*100) | G32: =IF(OR(D32="",D20=""),"",(D32-D20)/D20*100) | H32: =IF(I32<10,"",AVERAGEIFS('가격 Raw(전국)'!$B$4:$B$542,'가격 Raw(전국)'!$A$4:$A$542,">="&B32,'가격 Raw(전국)'!$A$4:$A$542,"<="&C32)) | I32: =COUNTIFS('가격 Raw(전국)'!$A$4:$A$542,">="&B32,'가격 Raw(전국)'!$A$4:$A$542,"<="&C32)
A33: 2026.02 | B33: 46054 | C33: =EOMONTH(B33,0) | D33: =IFERROR(AVERAGEIFS('가격 Raw(지역)'!$B$4:$B$916,'가격 Raw(지역)'!$A$4:$A$916,">="&B33,'가격 Raw(지역)'!$A$4:$A$916,"<="&C33),"") | E33: =COUNTIFS('가격 Raw(지역)'!$A$4:$A$916,">="&B33,'가격 Raw(지역)'!$A$4:$A$916,"<="&C33) | F33: =IF(OR(D33="",D32=""),"",(D33-D32)/D32*100) | G33: =IF(OR(D33="",D21=""),"",(D33-D21)/D21*100) | H33: =IF(I33<10,"",AVERAGEIFS('가격 Raw(전국)'!$B$4:$B$542,'가격 Raw(전국)'!$A$4:$A$542,">="&B33,'가격 Raw(전국)'!$A$4:$A$542,"<="&C33)) | I33: =COUNTIFS('가격 Raw(전국)'!$A$4:$A$542,">="&B33,'가격 Raw(전국)'!$A$4:$A$542,"<="&C33)
A34: 2026.03 | B34: 46082 | C34: =EOMONTH(B34,0) | D34: =IFERROR(AVERAGEIFS('가격 Raw(지역)'!$B$4:$B$916,'가격 Raw(지역)'!$A$4:$A$916,">="&B34,'가격 Raw(지역)'!$A$4:$A$916,"<="&C34),"") | E34: =COUNTIFS('가격 Raw(지역)'!$A$4:$A$916,">="&B34,'가격 Raw(지역)'!$A$4:$A$916,"<="&C34) | F34: =IF(OR(D34="",D33=""),"",(D34-D33)/D33*100) | G34: =IF(OR(D34="",D22=""),"",(D34-D22)/D22*100) | H34: =IF(I34<10,"",AVERAGEIFS('가격 Raw(전국)'!$B$4:$B$542,'가격 Raw(전국)'!$A$4:$A$542,">="&B34,'가격 Raw(전국)'!$A$4:$A$542,"<="&C34)) | I34: =COUNTIFS('가격 Raw(전국)'!$A$4:$A$542,">="&B34,'가격 Raw(전국)'!$A$4:$A$542,"<="&C34)
A35: 2026.04 | B35: 46113 | C35: =EOMONTH(B35,0) | D35: =IFERROR(AVERAGEIFS('가격 Raw(지역)'!$B$4:$B$916,'가격 Raw(지역)'!$A$4:$A$916,">="&B35,'가격 Raw(지역)'!$A$4:$A$916,"<="&C35),"") | E35: =COUNTIFS('가격 Raw(지역)'!$A$4:$A$916,">="&B35,'가격 Raw(지역)'!$A$4:$A$916,"<="&C35) | F35: =IF(OR(D35="",D34=""),"",(D35-D34)/D34*100) | G35: =IF(OR(D35="",D23=""),"",(D35-D23)/D23*100) | H35: =IF(I35<10,"",AVERAGEIFS('가격 Raw(전국)'!$B$4:$B$542,'가격 Raw(전국)'!$A$4:$A$542,">="&B35,'가격 Raw(전국)'!$A$4:$A$542,"<="&C35)) | I35: =COUNTIFS('가격 Raw(전국)'!$A$4:$A$542,">="&B35,'가격 Raw(전국)'!$A$4:$A$542,"<="&C35)
A36: 2026.05 | B36: 46143 | C36: =EOMONTH(B36,0) | D36: =IFERROR(AVERAGEIFS('가격 Raw(지역)'!$B$4:$B$916,'가격 Raw(지역)'!$A$4:$A$916,">="&B36,'가격 Raw(지역)'!$A$4:$A$916,"<="&C36),"") | E36: =COUNTIFS('가격 Raw(지역)'!$A$4:$A$916,">="&B36,'가격 Raw(지역)'!$A$4:$A$916,"<="&C36) | F36: =IF(OR(D36="",D35=""),"",(D36-D35)/D35*100) | G36: =IF(OR(D36="",D24=""),"",(D36-D24)/D24*100) | H36: =IF(I36<10,"",AVERAGEIFS('가격 Raw(전국)'!$B$4:$B$542,'가격 Raw(전국)'!$A$4:$A$542,">="&B36,'가격 Raw(전국)'!$A$4:$A$542,"<="&C36)) | I36: =COUNTIFS('가격 Raw(전국)'!$A$4:$A$542,">="&B36,'가격 Raw(전국)'!$A$4:$A$542,"<="&C36)
A37: 2026.06 | B37: 46174 | C37: =EOMONTH(B37,0) | D37: =IFERROR(AVERAGEIFS('가격 Raw(지역)'!$B$4:$B$916,'가격 Raw(지역)'!$A$4:$A$916,">="&B37,'가격 Raw(지역)'!$A$4:$A$916,"<="&C37),"") | E37: =COUNTIFS('가격 Raw(지역)'!$A$4:$A$916,">="&B37,'가격 Raw(지역)'!$A$4:$A$916,"<="&C37) | F37: =IF(OR(D37="",D36=""),"",(D37-D36)/D36*100) | G37: =IF(OR(D37="",D25=""),"",(D37-D25)/D25*100) | H37: =IF(I37<10,"",AVERAGEIFS('가격 Raw(전국)'!$B$4:$B$542,'가격 Raw(전국)'!$A$4:$A$542,">="&B37,'가격 Raw(전국)'!$A$4:$A$542,"<="&C37)) | I37: =COUNTIFS('가격 Raw(전국)'!$A$4:$A$542,">="&B37,'가격 Raw(전국)'!$A$4:$A$542,"<="&C37)
A38: 2026.07 | B38: 46204 | C38: =EOMONTH(B38,0) | D38: =IFERROR(AVERAGEIFS('가격 Raw(지역)'!$B$4:$B$916,'가격 Raw(지역)'!$A$4:$A$916,">="&B38,'가격 Raw(지역)'!$A$4:$A$916,"<="&C38),"") | E38: =COUNTIFS('가격 Raw(지역)'!$A$4:$A$916,">="&B38,'가격 Raw(지역)'!$A$4:$A$916,"<="&C38) | F38: =IF(OR(D38="",D37=""),"",(D38-D37)/D37*100) | G38: =IF(OR(D38="",D26=""),"",(D38-D26)/D26*100) | H38: =IF(I38<10,"",AVERAGEIFS('가격 Raw(전국)'!$B$4:$B$542,'가격 Raw(전국)'!$A$4:$A$542,">="&B38,'가격 Raw(전국)'!$A$4:$A$542,"<="&C38)) | I38: =COUNTIFS('가격 Raw(전국)'!$A$4:$A$542,">="&B38,'가격 Raw(전국)'!$A$4:$A$542,"<="&C38)
A39: 2026.08 | B39: 46235 | C39: =EOMONTH(B39,0) | D39: =IFERROR(AVERAGEIFS('가격 Raw(지역)'!$B$4:$B$916,'가격 Raw(지역)'!$A$4:$A$916,">="&B39,'가격 Raw(지역)'!$A$4:$A$916,"<="&C39),"") | E39: =COUNTIFS('가격 Raw(지역)'!$A$4:$A$916,">="&B39,'가격 Raw(지역)'!$A$4:$A$916,"<="&C39) | F39: =IF(OR(D39="",D38=""),"",(D39-D38)/D38*100) | G39: =IF(OR(D39="",D27=""),"",(D39-D27)/D27*100) | H39: =IF(I39<10,"",AVERAGEIFS('가격 Raw(전국)'!$B$4:$B$542,'가격 Raw(전국)'!$A$4:$A$542,">="&B39,'가격 Raw(전국)'!$A$4:$A$542,"<="&C39)) | I39: =COUNTIFS('가격 Raw(전국)'!$A$4:$A$542,">="&B39,'가격 Raw(전국)'!$A$4:$A$542,"<="&C39)
A40: 2026.09 | B40: 46266 | C40: =EOMONTH(B40,0) | D40: =IFERROR(AVERAGEIFS('가격 Raw(지역)'!$B$4:$B$916,'가격 Raw(지역)'!$A$4:$A$916,">="&B40,'가격 Raw(지역)'!$A$4:$A$916,"<="&C40),"") | E40: =COUNTIFS('가격 Raw(지역)'!$A$4:$A$916,">="&B40,'가격 Raw(지역)'!$A$4:$A$916,"<="&C40) | F40: =IF(OR(D40="",D39=""),"",(D40-D39)/D39*100) | G40: =IF(OR(D40="",D28=""),"",(D40-D28)/D28*100) | H40: =IF(I40<10,"",AVERAGEIFS('가격 Raw(전국)'!$B$4:$B$542,'가격 Raw(전국)'!$A$4:$A$542,">="&B40,'가격 Raw(전국)'!$A$4:$A$542,"<="&C40)) | I40: =COUNTIFS('가격 Raw(전국)'!$A$4:$A$542,">="&B40,'가격 Raw(전국)'!$A$4:$A$542,"<="&C40)
A41: ※ 전국 월평균은 조사일수 10일 미만인 달은 비워 둠(자료 미확보 구간). 2025.09 지역 자료는 9월 2~10일 미수집으로 15일 평균

Sheet 그래프
